datetime,P1,P2,P3,P4,P5,P6
2022-06-28 00:00:58,0.02,0.0438,13.0,157.0,799.0,1.11
2022-06-28 00:01:59,0.02,0.0439,13.0,157.0,798.0,1.11
2022-06-28 00:03:00,0.02,0.0439,13.0,157.0,799.0,1.11
2022-06-28 00:04:01,0.02,0.044,13.0,157.0,799.0,1.11
2022-06-28 00:05:01,0.02,0.0439,13.0,157.0,799.0,1.11
2022-06-28 00:06:02,0.02,0.044,12.0,157.0,799.0,1.11
2022-06-28 00:07:03,0.02,0.044,12.0,157.0,799.0,1.11
2022-06-28 00:08:03,0.02,0.0439,12.0,157.0,799.0,1.11
2022-06-28 00:09:04,0.02,0.044,13.0,157.0,798.0,1.11
2022-06-28 00:10:05,0.02,0.044,12.0,157.0,799.0,1.11
2022-06-28 00:11:06,0.02,0.0439,13.0,157.0,799.0,1.11
2022-06-28 00:12:07,0.02,0.0439,13.0,157.0,799.0,1.11
2022-06-28 00:13:07,0.02,0.044,13.0,157.0,798.0,1.11
2022-06-28 00:14:08,0.02,0.044,13.0,157.0,798.0,1.11
2022-06-28 00:15:09,0.02,0.0439,12.0,157.0,799.0,1.11
2022-06-28 00:16:09,0.02,0.044,12.0,157.0,799.0,1.11
2022-06-28 00:17:10,0.02,0.044,12.0,157.0,799.0,1.11
2022-06-28 00:18:11,0.02,0.044,13.0,157.0,799.0,1.12
2022-06-28 00:19:12,0.02,0.044,13.0,157.0,799.0,1.11
2022-06-28 00:20:13,0.02,0.0441,12.0,157.0,798.0,1.11
2022-06-28 00:21:13,0.02,0.044,12.0,157.0,798.0,1.11
2022-06-28 00:22:14,0.02,0.0441,13.0,157.0,798.0,1.11
2022-06-28 00:23:15,0.02,0.0442,13.0,157.0,799.0,1.11
2022-06-28 00:24:15,0.02,0.0442,13.0,157.0,799.0,1.11
2022-06-28 00:25:16,0.02,0.0442,13.0,157.0,799.0,1.11
2022-06-28 00:26:17,0.02,0.0443,13.0,157.0,800.0,1.11
2022-06-28 00:27:18,0.02,0.0442,12.0,157.0,799.0,1.12
2022-06-28 00:28:18,0.02,0.0443,13.0,157.0,799.0,1.12
2022-06-28 00:29:19,0.02,0.0442,13.0,157.0,798.0,1.12
2022-06-28 00:30:20,0.02,0.0442,12.0,157.0,799.0,1.12
2022-06-28 00:31:20,0.02,0.0442,13.0,157.0,798.0,1.12
2022-06-28 00:32:21,0.02,0.0442,13.0,157.0,799.0,1.12
2022-06-28 00:33:22,0.02,0.0442,12.0,157.0,799.0,1.12
2022-06-28 00:34:23,0.02,0.0442,12.0,157.0,798.0,1.12
2022-06-28 00:35:23,0.02,0.0442,13.0,157.0,799.0,1.12
2022-06-28 00:36:24,0.02,0.0442,12.0,157.0,798.0,1.12
2022-06-28 00:37:25,0.02,0.0442,13.0,157.0,798.0,1.12
2022-06-28 00:38:25,0.02,0.0442,13.0,157.0,798.0,1.12
2022-06-28 00:39:26,0.02,0.0443,13.0,157.0,799.0,1.12
2022-06-28 00:40:27,0.02,0.0443,13.0,157.0,799.0,1.12
2022-06-28 00:41:27,0.02,0.0443,13.0,157.0,799.0,1.12
2022-06-28 00:42:28,0.02,0.0442,12.0,157.0,798.0,1.12
2022-06-28 00:43:29,0.02,0.0443,13.0,157.0,799.0,1.12
2022-06-28 00:44:30,0.02,0.0442,12.0,157.0,799.0,1.12
2022-06-28 00:45:31,0.02,0.0443,12.0,157.0,799.0,1.12
2022-06-28 00:46:32,0.02,0.0443,12.0,157.0,799.0,1.12
2022-06-28 00:47:32,0.02,0.0442,13.0,157.0,799.0,1.12
2022-06-28 00:48:33,0.02,0.0443,12.0,157.0,798.0,1.12
2022-06-28 00:49:34,0.02,0.0443,13.0,157.0,798.0,1.12
2022-06-28 00:50:35,0.02,0.0442,13.0,157.0,799.0,1.12
2022-06-28 00:51:35,0.02,0.0442,13.0,157.0,799.0,1.12
2022-06-28 00:52:36,0.02,0.0443,12.0,157.0,799.0,1.12
2022-06-28 00:53:37,0.02,0.0443,12.0,157.0,799.0,1.12
2022-06-28 00:54:38,0.02,0.0443,12.0,157.0,799.0,1.12
2022-06-28 00:55:39,0.02,0.0443,13.0,157.0,799.0,1.12
2022-06-28 00:56:39,0.02,0.0443,12.0,157.0,799.0,1.12
2022-06-28 00:57:40,0.02,0.0442,13.0,157.0,799.0,1.12
2022-06-28 00:58:41,0.02,0.0444,12.0,157.0,799.0,1.12
2022-06-28 00:59:42,0.02,0.0443,13.0,157.0,799.0,1.12
2022-06-28 01:00:42,0.02,0.0444,12.0,157.0,799.0,1.12
2022-06-28 01:01:43,0.02,0.0445,12.0,157.0,798.0,1.12
2022-06-28 01:02:44,0.02,0.0445,12.0,157.0,798.0,1.12
2022-06-28 01:03:44,0.02,0.0446,13.0,157.0,799.0,1.12
2022-06-28 01:04:45,0.02,0.0446,12.0,157.0,799.0,1.12
2022-06-28 01:05:46,0.02,0.0446,12.0,157.0,798.0,1.12
2022-06-28 01:06:46,0.02,0.0446,13.0,157.0,799.0,1.12
2022-06-28 01:07:47,0.02,0.0446,13.0,157.0,798.0,1.12
2022-06-28 01:08:48,0.02,0.0445,12.0,157.0,799.0,1.12
2022-06-28 01:09:49,0.02,0.0445,13.0,157.0,799.0,1.12
2022-06-28 01:10:50,0.02,0.0445,12.0,157.0,799.0,1.12
2022-06-28 01:11:50,0.02,0.0445,13.0,157.0,799.0,1.12
2022-06-28 01:12:51,0.02,0.0445,12.0,157.0,799.0,1.12
2022-06-28 01:13:52,0.02,0.0445,12.0,157.0,799.0,1.12
2022-06-28 01:14:53,0.02,0.0445,13.0,157.0,799.0,1.12
2022-06-28 01:15:53,0.02,0.0446,13.0,157.0,798.0,1.12
2022-06-28 01:16:54,0.02,0.0446,13.0,157.0,799.0,1.12
2022-06-28 01:17:55,0.02,0.0446,13.0,157.0,798.0,1.12
2022-06-28 01:18:56,0.02,0.0447,12.0,157.0,799.0,1.13
2022-06-28 01:19:57,0.02,0.0447,13.0,157.0,799.0,1.12
2022-06-28 01:20:57,0.02,0.0447,13.0,157.0,799.0,1.12
2022-06-28 01:21:58,0.02,0.0447,13.0,157.0,799.0,1.12
2022-06-28 01:22:59,0.02,0.0447,13.0,157.0,799.0,1.12
2022-06-28 01:23:59,0.02,0.0447,12.0,157.0,799.0,1.12
2022-06-28 01:25:00,0.02,0.0447,12.0,157.0,798.0,1.12
2022-06-28 01:26:01,0.02,0.0447,12.0,157.0,799.0,1.12
2022-06-28 01:27:02,0.02,0.0447,12.0,157.0,799.0,1.12
2022-06-28 01:28:02,0.02,0.0447,13.0,157.0,799.0,1.12
2022-06-28 01:29:03,0.02,0.0447,13.0,157.0,799.0,1.13
2022-06-28 01:30:04,0.02,0.0447,12.0,157.0,798.0,1.13
2022-06-28 01:31:05,0.02,0.0447,12.0,157.0,799.0,1.13
2022-06-28 01:32:05,0.02,0.0447,12.0,157.0,799.0,1.13
2022-06-28 01:33:06,0.02,0.0447,12.0,157.0,799.0,1.13
2022-06-28 01:34:07,0.02,0.0447,13.0,157.0,799.0,1.13
2022-06-28 01:35:08,0.02,0.0447,13.0,157.0,799.0,1.13
2022-06-28 01:36:08,0.02,0.0447,13.0,157.0,798.0,1.13
2022-06-28 01:37:09,0.02,0.0447,12.0,157.0,799.0,1.13
2022-06-28 01:38:10,0.02,0.0447,13.0,157.0,799.0,1.13
2022-06-28 01:39:11,0.02,0.0447,12.0,157.0,798.0,1.13
2022-06-28 01:40:11,0.02,0.0447,13.0,157.0,799.0,1.13
2022-06-28 01:41:12,0.02,0.0448,12.0,157.0,799.0,1.13
2022-06-28 01:42:13,0.02,0.045,13.0,157.0,798.0,1.13
2022-06-28 01:43:14,0.02,0.045,13.0,157.0,799.0,1.13
2022-06-28 01:44:14,0.02,0.045,12.0,157.0,799.0,1.13
2022-06-28 01:45:15,0.02,0.045,13.0,157.0,799.0,1.13
2022-06-28 01:46:16,0.02,0.0449,12.0,157.0,798.0,1.13
2022-06-28 01:47:17,0.02,0.045,13.0,157.0,799.0,1.13
2022-06-28 01:48:17,0.02,0.0448,13.0,157.0,799.0,1.13
2022-06-28 01:49:18,0.02,0.0448,13.0,157.0,798.0,1.13
2022-06-28 01:50:19,0.02,0.0448,13.0,157.0,799.0,1.13
2022-06-28 01:51:19,0.02,0.0449,13.0,157.0,799.0,1.13
2022-06-28 01:52:20,0.02,0.0449,12.0,157.0,798.0,1.13
2022-06-28 01:53:21,0.02,0.0449,13.0,157.0,799.0,1.13
2022-06-28 01:54:22,0.02,0.0449,13.0,157.0,799.0,1.13
2022-06-28 01:55:22,0.02,0.045,13.0,157.0,799.0,1.13
2022-06-28 01:56:23,0.02,0.045,12.0,157.0,798.0,1.13
2022-06-28 01:57:24,0.02,0.045,13.0,157.0,799.0,1.13
2022-06-28 01:58:25,0.02,0.0451,12.0,157.0,799.0,1.13
2022-06-28 01:59:25,0.02,0.0452,12.0,157.0,799.0,1.13
2022-06-28 02:00:26,0.02,0.0451,12.0,157.0,799.0,1.13
2022-06-28 02:01:27,0.02,0.0451,13.0,157.0,799.0,1.13
2022-06-28 02:02:27,0.02,0.0451,13.0,157.0,799.0,1.13
2022-06-28 02:03:28,0.02,0.0451,12.0,157.0,798.0,1.13
2022-06-28 02:04:29,0.02,0.0451,13.0,157.0,799.0,1.13
2022-06-28 02:05:30,0.02,0.0451,13.0,157.0,799.0,1.13
2022-06-28 02:06:30,0.02,0.0451,13.0,157.0,799.0,1.13
2022-06-28 02:07:31,0.02,0.0452,13.0,157.0,800.0,1.13
2022-06-28 02:08:32,0.02,0.0451,13.0,157.0,799.0,1.13
2022-06-28 02:09:33,0.02,0.0452,13.0,157.0,798.0,1.13
2022-06-28 02:10:33,0.02,0.0452,13.0,157.0,799.0,1.13
2022-06-28 02:11:34,0.02,0.0451,13.0,157.0,799.0,1.13
2022-06-28 02:12:35,0.02,0.0451,13.0,157.0,798.0,1.13
2022-06-28 02:13:36,0.02,0.0451,12.0,157.0,799.0,1.13
2022-06-28 02:14:36,0.02,0.0452,13.0,157.0,799.0,1.13
2022-06-28 02:15:37,0.02,0.0451,13.0,157.0,799.0,1.13
2022-06-28 02:16:38,0.02,0.0451,13.0,157.0,799.0,1.13
2022-06-28 02:17:38,0.02,0.0451,12.0,157.0,798.0,1.13
2022-06-28 02:18:39,0.02,0.0452,13.0,157.0,798.0,1.13
2022-06-28 02:19:40,0.02,0.0452,12.0,157.0,798.0,1.14
2022-06-28 02:20:40,0.02,0.0453,13.0,157.0,799.0,1.13
2022-06-28 02:21:41,0.02,0.0452,13.0,157.0,799.0,1.13
2022-06-28 02:22:42,0.02,0.0452,13.0,157.0,799.0,1.13
2022-06-28 02:23:42,0.02,0.0453,13.0,157.0,799.0,1.13
2022-06-28 02:24:43,0.02,0.0452,13.0,157.0,799.0,1.13
2022-06-28 02:25:44,0.02,0.0452,13.0,157.0,798.0,1.13
2022-06-28 02:26:45,0.02,0.0452,13.0,157.0,799.0,1.13
2022-06-28 02:27:46,0.02,0.0452,12.0,157.0,799.0,1.13
2022-06-28 02:28:46,0.02,0.0452,12.0,157.0,799.0,1.13
2022-06-28 02:29:47,0.02,0.0452,13.0,157.0,799.0,1.14
2022-06-28 02:30:47,0.02,0.0452,13.0,157.0,798.0,1.13
2022-06-28 02:31:48,0.02,0.0452,13.0,157.0,799.0,1.13
2022-06-28 02:32:49,0.02,0.0452,13.0,157.0,799.0,1.14
2022-06-28 02:33:50,0.02,0.0453,12.0,158.0,799.0,1.14
2022-06-28 02:34:51,0.02,0.0454,13.0,157.0,799.0,1.14
2022-06-28 02:35:51,0.02,0.0454,13.0,157.0,798.0,1.14
2022-06-28 02:36:52,0.02,0.0455,12.0,157.0,799.0,1.14
2022-06-28 02:37:53,0.02,0.0455,13.0,157.0,799.0,1.14
2022-06-28 02:38:54,0.02,0.0455,13.0,157.0,799.0,1.14
2022-06-28 02:39:54,0.02,0.0455,13.0,157.0,799.0,1.14
2022-06-28 02:40:55,0.02,0.0455,13.0,157.0,799.0,1.14
2022-06-28 02:41:56,0.02,0.0455,13.0,157.0,799.0,1.13
2022-06-28 02:42:56,0.02,0.0455,13.0,157.0,800.0,1.14
2022-06-28 02:43:57,0.02,0.0455,13.0,157.0,798.0,1.14
2022-06-28 02:44:58,0.02,0.0455,12.0,157.0,799.0,1.14
2022-06-28 02:45:59,0.02,0.0455,13.0,157.0,799.0,1.14
2022-06-28 02:46:59,0.02,0.0455,13.0,157.0,799.0,1.14
2022-06-28 02:48:00,0.02,0.0455,12.0,157.0,798.0,1.14
2022-06-28 02:49:01,0.02,0.0456,13.0,157.0,799.0,1.14
2022-06-28 02:50:02,0.02,0.0456,12.0,157.0,799.0,1.14
2022-06-28 02:51:02,0.02,0.0456,13.0,157.0,798.0,1.14
2022-06-28 02:52:03,0.02,0.0455,13.0,157.0,799.0,1.14
2022-06-28 02:53:04,0.02,0.0455,12.0,157.0,799.0,1.14
2022-06-28 02:54:05,0.02,0.0456,12.0,157.0,799.0,1.14
2022-06-28 02:55:06,0.02,0.0455,12.0,157.0,799.0,1.14
2022-06-28 02:56:06,0.02,0.0456,13.0,157.0,799.0,1.14
2022-06-28 02:57:07,0.02,0.0455,13.0,157.0,798.0,1.14
2022-06-28 02:58:08,0.02,0.0456,12.0,157.0,799.0,1.14
2022-06-28 02:59:08,0.02,0.0456,13.0,157.0,799.0,1.14
2022-06-28 03:00:09,0.02,0.0456,13.0,157.0,799.0,1.14
2022-06-28 03:01:10,0.02,0.0456,13.0,157.0,798.0,1.14
2022-06-28 03:02:10,0.02,0.0456,12.0,157.0,799.0,1.14
2022-06-28 03:03:11,0.02,0.0456,13.0,157.0,799.0,1.14
2022-06-28 03:04:12,0.02,0.0455,13.0,157.0,798.0,1.14
2022-06-28 03:05:13,0.02,0.0455,13.0,157.0,798.0,1.14
2022-06-28 03:06:14,0.02,0.0455,13.0,157.0,799.0,1.14
2022-06-28 03:07:14,0.02,0.0455,13.0,157.0,799.0,1.14
2022-06-28 03:08:15,0.02,0.0455,13.0,157.0,799.0,1.14
2022-06-28 03:09:16,0.02,0.0455,13.0,157.0,799.0,1.14
2022-06-28 03:10:17,0.02,0.0455,13.0,157.0,799.0,1.14
2022-06-28 03:11:17,0.02,0.0456,13.0,157.0,799.0,1.14
2022-06-28 03:12:18,0.02,0.0456,13.0,157.0,799.0,1.14
2022-06-28 03:13:19,0.02,0.0456,13.0,157.0,799.0,1.14
2022-06-28 03:14:20,0.02,0.0456,13.0,157.0,799.0,1.14
2022-06-28 03:15:20,0.02,0.0458,13.0,157.0,798.0,1.14
2022-06-28 03:16:21,0.02,0.0458,13.0,157.0,799.0,1.14
2022-06-28 03:17:22,0.02,0.0458,13.0,157.0,799.0,1.14
2022-06-28 03:18:23,0.02,0.0458,13.0,157.0,799.0,1.14
2022-06-28 03:19:23,0.02,0.0458,13.0,157.0,799.0,1.14
2022-06-28 03:20:24,0.02,0.0458,13.0,157.0,799.0,1.14
2022-06-28 03:21:25,0.02,0.0458,13.0,157.0,799.0,1.14
2022-06-28 03:22:26,0.02,0.0458,13.0,157.0,799.0,1.14
2022-06-28 03:23:27,0.02,0.0458,13.0,157.0,798.0,1.14
2022-06-28 03:24:27,0.02,0.0458,13.0,157.0,798.0,1.14
2022-06-28 03:25:28,0.02,0.0458,12.0,157.0,799.0,1.14
2022-06-28 03:26:29,0.02,0.0457,13.0,157.0,798.0,1.14
2022-06-28 03:27:29,0.02,0.0458,13.0,157.0,799.0,1.14
2022-06-28 03:28:30,0.02,0.0459,13.0,157.0,798.0,1.14
2022-06-28 03:29:31,0.02,0.0458,13.0,157.0,799.0,1.14
2022-06-28 03:30:32,0.02,0.0458,12.0,157.0,799.0,1.14
2022-06-28 03:31:32,0.02,0.0458,13.0,157.0,799.0,1.14
2022-06-28 03:32:33,0.02,0.0458,13.0,157.0,799.0,1.14
2022-06-28 03:33:34,0.02,0.0458,13.0,157.0,799.0,1.14
2022-06-28 03:34:35,0.02,0.0459,13.0,157.0,798.0,1.14
2022-06-28 03:35:35,0.02,0.046,12.0,157.0,799.0,1.14
2022-06-28 03:36:36,0.02,0.0459,13.0,157.0,799.0,1.14
2022-06-28 03:37:37,0.02,0.0459,12.0,157.0,799.0,1.15
2022-06-28 03:38:38,0.02,0.0459,13.0,157.0,799.0,1.14
2022-06-28 03:39:39,0.02,0.0458,13.0,157.0,799.0,1.14
2022-06-28 03:40:39,0.02,0.0459,12.0,157.0,799.0,1.14
2022-06-28 03:41:40,0.02,0.0459,13.0,157.0,799.0,1.14
2022-06-28 03:42:41,0.02,0.0458,13.0,157.0,799.0,1.15
2022-06-28 03:43:42,0.02,0.0458,13.0,157.0,799.0,1.15
2022-06-28 03:44:42,0.02,0.0459,13.0,157.0,798.0,1.15
2022-06-28 03:45:43,0.02,0.0459,12.0,157.0,799.0,1.15
2022-06-28 03:46:44,0.02,0.0459,13.0,157.0,799.0,1.15
2022-06-28 03:47:45,0.02,0.0459,12.0,157.0,799.0,1.15
2022-06-28 03:48:45,0.02,0.0459,13.0,157.0,799.0,1.15
2022-06-28 03:49:46,0.02,0.0459,13.0,157.0,798.0,1.15
2022-06-28 03:50:47,0.02,0.0459,13.0,157.0,799.0,1.15
2022-06-28 03:51:48,0.02,0.0459,13.0,157.0,798.0,1.15
2022-06-28 03:52:48,0.02,0.046,13.0,157.0,798.0,1.15
2022-06-28 03:53:49,0.02,0.0459,12.0,157.0,798.0,1.14
2022-06-28 03:54:50,0.02,0.046,13.0,157.0,799.0,1.15
2022-06-28 03:55:51,0.02,0.0461,12.0,157.0,798.0,1.15
2022-06-28 03:56:51,0.02,0.0461,13.0,157.0,799.0,1.15
2022-06-28 03:57:52,0.02,0.0461,13.0,157.0,799.0,1.15
2022-06-28 03:58:53,0.02,0.0461,13.0,157.0,798.0,1.15
2022-06-28 03:59:54,0.02,0.0462,13.0,157.0,798.0,1.15
2022-06-28 04:00:54,0.02,0.0461,13.0,157.0,799.0,1.15
2022-06-28 04:01:55,0.02,0.0461,13.0,157.0,799.0,1.15
2022-06-28 04:02:56,0.02,0.0461,12.0,157.0,799.0,1.15
2022-06-28 04:03:57,0.02,0.0461,13.0,157.0,799.0,1.15
2022-06-28 04:04:57,0.02,0.0461,13.0,157.0,798.0,1.15
2022-06-28 04:05:58,0.02,0.0461,13.0,157.0,799.0,1.15
2022-06-28 04:06:59,0.02,0.0461,13.0,157.0,799.0,1.15
2022-06-28 04:08:00,0.02,0.0461,13.0,157.0,799.0,1.15
2022-06-28 04:09:01,0.02,0.0462,13.0,157.0,799.0,1.15
2022-06-28 04:10:01,0.02,0.0462,13.0,157.0,799.0,1.15
2022-06-28 04:11:02,0.02,0.0462,13.0,157.0,799.0,1.15
2022-06-28 04:12:03,0.02,0.0463,12.0,157.0,799.0,1.15
2022-06-28 04:13:03,0.02,0.0462,13.0,157.0,799.0,1.15
2022-06-28 04:14:04,0.02,0.0462,13.0,157.0,799.0,1.15
2022-06-28 04:15:05,0.02,0.0463,13.0,157.0,799.0,1.15
2022-06-28 04:16:06,0.02,0.0463,13.0,157.0,799.0,1.15
2022-06-28 04:17:07,0.02,0.0463,13.0,157.0,798.0,1.15
2022-06-28 04:18:07,0.02,0.0463,13.0,157.0,799.0,1.15
2022-06-28 04:19:08,0.02,0.0463,12.0,157.0,799.0,1.15
2022-06-28 04:20:09,0.02,0.0463,13.0,157.0,799.0,1.15
2022-06-28 04:21:09,0.02,0.0463,13.0,157.0,798.0,1.15
2022-06-28 04:22:10,0.02,0.0463,13.0,157.0,798.0,1.15
2022-06-28 04:23:11,0.02,0.0463,13.0,157.0,799.0,1.15
2022-06-28 04:24:12,0.02,0.0463,13.0,157.0,799.0,1.15
2022-06-28 04:25:12,0.02,0.0463,13.0,157.0,799.0,1.15
2022-06-28 04:26:13,0.02,0.0463,13.0,157.0,799.0,1.15
2022-06-28 04:27:14,0.02,0.0463,12.0,157.0,799.0,1.15
2022-06-28 04:28:14,0.02,0.0463,13.0,157.0,799.0,1.15
2022-06-28 04:29:15,0.02,0.0463,13.0,157.0,798.0,1.15
2022-06-28 04:30:16,0.02,0.0463,13.0,157.0,798.0,1.15
2022-06-28 04:31:17,0.02,0.0463,13.0,157.0,799.0,1.15
2022-06-28 04:32:17,0.02,0.0463,12.0,157.0,799.0,1.15
2022-06-28 04:33:18,0.02,0.0463,13.0,157.0,799.0,1.15
2022-06-28 04:34:19,0.02,0.0464,13.0,157.0,799.0,1.15
2022-06-28 04:35:20,0.02,0.0464,13.0,157.0,799.0,1.15
2022-06-28 04:36:21,0.02,0.0465,13.0,157.0,798.0,1.15
2022-06-28 04:37:21,0.02,0.0465,13.0,157.0,799.0,1.15
2022-06-28 04:38:22,0.02,0.0464,12.0,157.0,799.0,1.15
2022-06-28 04:39:23,0.02,0.0464,13.0,157.0,798.0,1.15
2022-06-28 04:40:23,0.02,0.0464,13.0,157.0,799.0,1.15
2022-06-28 04:41:24,0.02,0.0464,12.0,157.0,799.0,1.15
2022-06-28 04:42:25,0.02,0.0464,13.0,157.0,799.0,1.15
2022-06-28 04:43:26,0.02,0.0463,12.0,157.0,799.0,1.15
2022-06-28 04:44:27,0.02,0.0463,12.0,157.0,799.0,1.15
2022-06-28 04:45:27,0.02,0.0464,13.0,157.0,799.0,1.15
2022-06-28 04:46:28,0.02,0.0464,12.0,157.0,799.0,1.15
2022-06-28 04:47:29,0.02,0.0464,13.0,157.0,799.0,1.15
2022-06-28 04:48:30,0.02,0.0465,13.0,157.0,800.0,1.15
2022-06-28 04:49:31,0.02,0.0465,13.0,157.0,799.0,1.15
2022-06-28 04:50:32,0.02,0.0467,13.0,157.0,799.0,1.15
2022-06-28 04:51:32,0.02,0.0466,13.0,157.0,799.0,1.15
2022-06-28 04:52:33,0.02,0.0466,13.0,157.0,799.0,1.15
2022-06-28 04:53:34,0.02,0.0467,13.0,157.0,799.0,1.15
2022-06-28 04:54:35,0.02,0.0467,13.0,157.0,799.0,1.15
2022-06-28 04:55:35,0.02,0.0466,12.0,157.0,799.0,1.15
2022-06-28 04:56:36,0.02,0.0467,13.0,157.0,799.0,1.15
2022-06-28 04:57:37,0.02,0.0466,13.0,157.0,799.0,1.15
2022-06-28 04:58:38,0.02,0.0466,13.0,157.0,798.0,1.15
2022-06-28 04:59:38,0.02,0.0466,13.0,157.0,799.0,1.15
2022-06-28 05:00:39,0.02,0.0466,13.0,157.0,798.0,1.15
2022-06-28 05:01:40,0.02,0.0466,13.0,157.0,799.0,1.15
2022-06-28 05:02:41,0.02,0.0466,13.0,157.0,799.0,1.15
2022-06-28 05:03:42,0.02,0.0466,13.0,157.0,799.0,1.15
2022-06-28 05:04:42,0.02,0.0466,13.0,157.0,799.0,1.16
2022-06-28 05:05:43,0.02,0.0466,13.0,157.0,798.0,1.15
2022-06-28 05:06:44,0.02,0.0466,13.0,157.0,799.0,1.16
2022-06-28 05:07:45,0.02,0.0466,13.0,157.0,799.0,1.15
2022-06-28 05:08:45,0.02,0.0467,13.0,157.0,798.0,1.16
2022-06-28 05:09:46,0.02,0.0466,13.0,157.0,798.0,1.15
2022-06-28 05:10:47,0.02,0.0467,13.0,157.0,799.0,1.15
2022-06-28 05:11:48,0.02,0.0466,13.0,157.0,799.0,1.16
2022-06-28 05:12:48,0.02,0.0466,12.0,157.0,799.0,1.16
2022-06-28 05:13:49,0.02,0.0467,13.0,157.0,797.0,1.16
2022-06-28 05:14:50,0.02,0.0467,13.0,157.0,798.0,1.16
2022-06-28 05:15:51,0.02,0.0468,13.0,157.0,799.0,1.16
2022-06-28 05:16:51,0.02,0.0467,13.0,157.0,798.0,1.16
2022-06-28 05:17:52,0.02,0.0466,13.0,157.0,799.0,1.16
2022-06-28 05:18:53,0.02,0.0467,13.0,157.0,798.0,1.16
2022-06-28 05:19:53,0.02,0.0466,13.0,157.0,799.0,1.16
2022-06-28 05:20:54,0.02,0.0466,13.0,157.0,799.0,1.16
2022-06-28 05:21:55,0.02,0.0466,13.0,157.0,799.0,1.16
2022-06-28 05:22:56,0.02,0.0466,13.0,157.0,799.0,1.16
2022-06-28 05:23:57,0.02,0.0466,13.0,157.0,799.0,1.16
2022-06-28 05:24:57,0.02,0.0466,12.0,157.0,798.0,1.16
2022-06-28 05:25:58,0.02,0.0466,13.0,157.0,799.0,1.16
2022-06-28 05:26:59,0.02,0.0468,13.0,157.0,798.0,1.16
2022-06-28 05:28:00,0.02,0.0468,13.0,157.0,799.0,1.16
2022-06-28 05:29:01,0.02,0.0468,13.0,157.0,798.0,1.16
2022-06-28 05:30:01,0.02,0.0468,13.0,157.0,799.0,1.16
2022-06-28 05:31:02,0.02,0.0469,13.0,157.0,799.0,1.16
2022-06-28 05:32:03,0.02,0.0469,13.0,157.0,799.0,1.16
2022-06-28 05:33:04,0.02,0.047,13.0,157.0,799.0,1.16
2022-06-28 05:34:04,0.02,0.047,13.0,157.0,798.0,1.16
2022-06-28 05:35:05,0.02,0.0471,13.0,157.0,799.0,1.16
2022-06-28 05:36:06,0.02,0.047,13.0,157.0,799.0,1.16
2022-06-28 05:37:07,0.02,0.047,13.0,157.0,799.0,1.16
2022-06-28 05:38:07,0.02,0.0471,12.0,157.0,799.0,1.16
2022-06-28 05:39:08,0.02,0.0469,13.0,157.0,799.0,1.16
2022-06-28 05:40:09,0.02,0.0469,13.0,157.0,799.0,1.16
2022-06-28 05:41:09,0.02,0.047,13.0,157.0,798.0,1.16
2022-06-28 05:42:10,0.02,0.047,13.0,157.0,799.0,1.16
2022-06-28 05:43:11,0.02,0.047,13.0,157.0,799.0,1.16
2022-06-28 05:44:12,0.02,0.047,13.0,157.0,798.0,1.16
2022-06-28 05:45:13,0.02,0.047,12.0,157.0,799.0,1.16
2022-06-28 05:46:13,0.02,0.0469,13.0,157.0,799.0,1.16
2022-06-28 05:47:14,0.02,0.0471,13.0,157.0,799.0,1.16
2022-06-28 05:48:15,0.02,0.0471,12.0,157.0,798.0,1.16
2022-06-28 05:49:15,0.02,0.0471,12.0,157.0,798.0,1.16
2022-06-28 05:50:16,0.02,0.0471,13.0,157.0,799.0,1.16
2022-06-28 05:51:17,0.02,0.0471,13.0,157.0,798.0,1.16
2022-06-28 05:52:17,0.02,0.0471,12.0,157.0,799.0,1.16
2022-06-28 05:53:18,0.02,0.0471,13.0,157.0,799.0,1.16
2022-06-28 05:54:19,0.02,0.047,13.0,157.0,799.0,1.16
2022-06-28 05:55:20,0.02,0.0471,13.0,158.0,798.0,1.16
2022-06-28 05:56:21,0.02,0.0471,13.0,157.0,799.0,1.16
2022-06-28 05:57:21,0.02,0.0471,13.0,158.0,798.0,1.16
2022-06-28 05:58:22,0.02,0.0471,13.0,157.0,799.0,1.16
2022-06-28 05:59:23,0.02,0.0471,13.0,157.0,799.0,1.16
2022-06-28 06:00:24,0.02,0.0471,13.0,157.0,798.0,1.16
2022-06-28 06:01:24,0.02,0.0471,13.0,157.0,799.0,1.16
2022-06-28 06:02:25,0.02,0.0471,13.0,157.0,799.0,1.16
2022-06-28 06:03:26,0.02,0.047,13.0,157.0,799.0,1.16
2022-06-28 06:04:27,0.02,0.0471,13.0,157.0,799.0,1.16
2022-06-28 06:05:28,0.02,0.0471,13.0,157.0,799.0,1.16
2022-06-28 06:06:28,0.02,0.0471,13.0,157.0,799.0,1.16
2022-06-28 06:07:29,0.02,0.0471,13.0,157.0,799.0,1.17
2022-06-28 06:08:30,0.02,0.0473,13.0,157.0,798.0,1.16
2022-06-28 06:09:31,0.02,0.0474,13.0,157.0,799.0,1.16
2022-06-28 06:10:31,0.02,0.0474,13.0,157.0,798.0,1.16
2022-06-28 06:11:32,0.02,0.0474,13.0,157.0,799.0,1.16
2022-06-28 06:12:33,0.02,0.0475,13.0,157.0,799.0,1.16
2022-06-28 06:13:34,0.02,0.0474,13.0,157.0,798.0,1.16
2022-06-28 06:14:35,0.02,0.0474,13.0,157.0,799.0,1.16
2022-06-28 06:15:35,0.02,0.0474,13.0,157.0,798.0,1.16
2022-06-28 06:16:36,0.02,0.0474,13.0,157.0,799.0,1.17
2022-06-28 06:17:37,0.02,0.0473,13.0,157.0,798.0,1.16
2022-06-28 06:18:38,0.02,0.0473,13.0,157.0,799.0,1.16
2022-06-28 06:19:38,0.02,0.0474,13.0,157.0,799.0,1.16
2022-06-28 06:20:39,0.02,0.0473,13.0,157.0,799.0,1.17
2022-06-28 06:21:40,0.02,0.0474,13.0,157.0,799.0,1.17
2022-06-28 06:22:41,0.02,0.0474,13.0,157.0,799.0,1.17
2022-06-28 06:23:41,0.02,0.0474,13.0,157.0,799.0,1.16
2022-06-28 06:24:42,0.02,0.0475,13.0,157.0,799.0,1.17
2022-06-28 06:25:43,0.02,0.0475,13.0,157.0,798.0,1.17
2022-06-28 06:26:44,0.02,0.0475,13.0,157.0,799.0,1.17
2022-06-28 06:27:44,0.02,0.0474,13.0,157.0,798.0,1.17
2022-06-28 06:28:45,0.02,0.0475,13.0,157.0,799.0,1.16
2022-06-28 06:29:46,0.02,0.0475,13.0,157.0,799.0,1.17
2022-06-28 06:30:47,0.02,0.0475,13.0,157.0,799.0,1.17
2022-06-28 06:31:47,0.02,0.0475,13.0,157.0,799.0,1.17
2022-06-28 06:32:48,0.02,0.0475,13.0,157.0,799.0,1.17
2022-06-28 06:33:49,0.02,0.0475,13.0,157.0,799.0,1.17
2022-06-28 06:34:49,0.02,0.0475,13.0,157.0,799.0,1.17
2022-06-28 06:35:50,0.02,0.0475,13.0,157.0,799.0,1.17
2022-06-28 06:36:51,0.02,0.0475,12.0,157.0,798.0,1.17
2022-06-28 06:37:52,0.02,0.0475,13.0,157.0,799.0,1.17
2022-06-28 06:38:52,0.02,0.0475,13.0,157.0,799.0,1.17
2022-06-28 06:39:53,0.02,0.0475,13.0,157.0,799.0,1.17
2022-06-28 06:40:54,0.02,0.0475,12.0,157.0,799.0,1.17
2022-06-28 06:41:55,0.02,0.0475,13.0,157.0,799.0,1.17
2022-06-28 06:42:55,0.02,0.0475,13.0,157.0,798.0,1.17
2022-06-28 06:43:56,0.02,0.0475,13.0,157.0,799.0,1.17
2022-06-28 06:44:57,0.02,0.0474,13.0,157.0,799.0,1.17
2022-06-28 06:45:58,0.02,0.0475,13.0,157.0,799.0,1.17
2022-06-28 06:46:58,0.02,0.0475,13.0,157.0,799.0,1.17
2022-06-28 06:47:59,0.02,0.0477,13.0,157.0,799.0,1.17
2022-06-28 06:49:00,0.02,0.0477,13.0,157.0,798.0,1.17
2022-06-28 06:50:01,0.02,0.0477,13.0,157.0,799.0,1.17
2022-06-28 06:51:01,0.02,0.0477,13.0,157.0,798.0,1.17
2022-06-28 06:52:02,0.02,0.0477,13.0,157.0,799.0,1.17
2022-06-28 06:53:03,0.02,0.0477,12.0,157.0,799.0,1.17
2022-06-28 06:54:04,0.02,0.0477,13.0,157.0,798.0,1.17
2022-06-28 06:55:05,0.02,0.0477,13.0,157.0,799.0,1.17
2022-06-28 06:56:05,0.02,0.0477,13.0,157.0,799.0,1.17
2022-06-28 06:57:06,0.02,0.0477,13.0,157.0,799.0,1.17
2022-06-28 06:58:07,0.02,0.0476,13.0,157.0,799.0,1.17
2022-06-28 06:59:08,0.02,0.0477,13.0,157.0,799.0,1.17
2022-06-28 07:00:08,0.02,0.0477,13.0,157.0,799.0,1.17
2022-06-28 07:01:09,0.02,0.0477,13.0,157.0,799.0,1.17
2022-06-28 07:02:10,0.02,0.0477,13.0,157.0,799.0,1.17
2022-06-28 07:03:11,0.02,0.0478,13.0,157.0,799.0,1.17
2022-06-28 07:04:11,0.02,0.0479,13.0,157.0,799.0,1.17
2022-06-28 07:05:12,0.02,0.0479,13.0,157.0,799.0,1.17
2022-06-28 07:06:13,0.02,0.0479,13.0,157.0,798.0,1.17
2022-06-28 07:07:14,0.02,0.0479,13.0,157.0,799.0,1.17
2022-06-28 07:08:14,0.02,0.0479,13.0,157.0,799.0,1.17
2022-06-28 07:09:15,0.02,0.0479,13.0,157.0,799.0,1.17
2022-06-28 07:10:16,0.02,0.0479,13.0,157.0,799.0,1.17
2022-06-28 07:11:16,0.02,0.048,13.0,157.0,799.0,1.17
2022-06-28 07:12:17,0.02,0.048,13.0,157.0,799.0,1.17
2022-06-28 07:13:18,0.02,0.0479,12.0,157.0,799.0,1.17
2022-06-28 07:14:19,0.02,0.0479,13.0,157.0,799.0,1.17
2022-06-28 07:15:19,0.02,0.0479,13.0,157.0,799.0,1.17
2022-06-28 07:16:20,0.02,0.048,13.0,157.0,799.0,1.17
2022-06-28 07:17:21,0.02,0.048,13.0,157.0,799.0,1.17
2022-06-28 07:18:22,0.02,0.048,13.0,157.0,799.0,1.17
2022-06-28 07:19:23,0.02,0.048,13.0,157.0,799.0,1.17
2022-06-28 07:20:23,0.02,0.048,13.0,157.0,798.0,1.17
2022-06-28 07:21:24,0.02,0.0479,13.0,157.0,799.0,1.17
2022-06-28 07:22:25,0.02,0.048,13.0,157.0,799.0,1.17
2022-06-28 07:23:25,0.02,0.048,13.0,157.0,798.0,1.17
2022-06-28 07:24:26,0.02,0.048,13.0,157.0,799.0,1.17
2022-06-28 07:25:27,0.02,0.048,13.0,157.0,799.0,1.17
2022-06-28 07:26:28,0.02,0.0481,13.0,157.0,799.0,1.17
2022-06-28 07:27:29,0.02,0.048,13.0,157.0,798.0,1.17
2022-06-28 07:28:29,0.02,0.0481,13.0,157.0,799.0,1.17
2022-06-28 07:29:30,0.02,0.0481,13.0,157.0,799.0,1.17
2022-06-28 07:30:31,0.02,0.0481,13.0,157.0,798.0,1.17
2022-06-28 07:31:32,0.02,0.048,13.0,157.0,798.0,1.17
2022-06-28 07:32:32,0.02,0.0481,13.0,158.0,799.0,1.17
2022-06-28 07:33:33,0.02,0.048,13.0,157.0,799.0,1.17
2022-06-28 07:34:34,0.02,0.048,13.0,157.0,799.0,1.18
2022-06-28 07:35:35,0.02,0.048,13.0,157.0,799.0,1.17
2022-06-28 07:36:36,0.02,0.048,13.0,157.0,798.0,1.18
2022-06-28 07:37:36,0.02,0.0481,13.0,157.0,799.0,1.17
2022-06-28 07:38:37,0.02,0.048,13.0,157.0,799.0,1.17
2022-06-28 07:39:38,0.02,0.048,13.0,157.0,799.0,1.18
2022-06-28 07:40:38,0.02,0.048,13.0,157.0,799.0,1.17
2022-06-28 07:41:39,0.02,0.0482,13.0,157.0,799.0,1.17
2022-06-28 07:42:40,0.02,0.0481,13.0,157.0,799.0,1.17
2022-06-28 07:43:41,0.02,0.0483,13.0,157.0,798.0,1.17
2022-06-28 07:44:41,0.02,0.0484,13.0,157.0,799.0,1.17
2022-06-28 07:45:42,0.02,0.0484,13.0,157.0,798.0,1.17
2022-06-28 07:46:43,0.02,0.0484,13.0,157.0,799.0,1.17
2022-06-28 07:47:43,0.02,0.0485,13.0,157.0,799.0,1.17
2022-06-28 07:48:44,0.02,0.0484,13.0,157.0,799.0,1.17
2022-06-28 07:49:45,0.02,0.0485,13.0,157.0,799.0,1.17
2022-06-28 07:50:45,0.02,0.0485,12.0,157.0,799.0,1.18
2022-06-28 07:51:46,0.02,0.0483,13.0,157.0,799.0,1.17
2022-06-28 07:52:47,0.02,0.0483,13.0,157.0,798.0,1.18
2022-06-28 07:53:48,0.02,0.0483,13.0,157.0,799.0,1.17
2022-06-28 07:54:48,0.02,0.0484,13.0,157.0,799.0,1.17
2022-06-28 07:55:49,0.02,0.0484,13.0,157.0,799.0,1.17
2022-06-28 07:56:50,0.02,0.0484,12.0,157.0,799.0,1.18
2022-06-28 07:57:51,0.02,0.0485,13.0,157.0,799.0,1.18
2022-06-28 07:58:51,0.02,0.0485,13.0,157.0,799.0,1.18
2022-06-28 07:59:52,0.02,0.0485,13.0,157.0,799.0,1.17
2022-06-28 08:00:53,0.02,0.0485,13.0,157.0,799.0,1.17
2022-06-28 08:01:54,0.02,0.0485,13.0,157.0,799.0,1.17
2022-06-28 08:02:54,0.02,0.0485,13.0,157.0,799.0,1.18
2022-06-28 08:03:55,0.02,0.0485,13.0,157.0,799.0,1.18
2022-06-28 08:04:56,0.02,0.0485,13.0,157.0,799.0,1.18
2022-06-28 08:05:57,0.02,0.0485,13.0,157.0,799.0,1.18
2022-06-28 08:06:57,0.02,0.0485,13.0,157.0,799.0,1.18
2022-06-28 08:07:58,0.02,0.0485,13.0,157.0,799.0,1.18
2022-06-28 08:08:59,0.02,0.0485,13.0,157.0,799.0,1.18
2022-06-28 08:10:00,0.02,0.0485,13.0,157.0,798.0,1.18
2022-06-28 08:11:00,0.02,0.0485,13.0,157.0,798.0,1.18
2022-06-28 08:12:01,0.02,0.0486,13.0,157.0,799.0,1.18
2022-06-28 08:13:02,0.02,0.0485,13.0,157.0,799.0,1.18
2022-06-28 08:14:02,0.02,0.0485,13.0,157.0,799.0,1.18
2022-06-28 08:15:03,0.02,0.0485,13.0,157.0,799.0,1.18
2022-06-28 08:16:04,0.02,0.0485,12.0,157.0,799.0,1.18
2022-06-28 08:17:05,0.02,0.0485,13.0,157.0,799.0,1.18
2022-06-28 08:18:05,0.02,0.0485,13.0,157.0,799.0,1.18
2022-06-28 08:19:06,0.02,0.0485,13.0,157.0,799.0,1.18
2022-06-28 08:20:07,0.02,0.0486,13.0,157.0,798.0,1.18
2022-06-28 08:21:08,0.02,0.0486,13.0,157.0,799.0,1.18
2022-06-28 08:22:09,0.02,0.0486,13.0,157.0,799.0,1.18
2022-06-28 08:23:09,0.02,0.0487,13.0,157.0,799.0,1.18
2022-06-28 08:24:10,0.02,0.0488,13.0,157.0,798.0,1.18
2022-06-28 08:25:11,0.02,0.0488,13.0,157.0,799.0,1.18
2022-06-28 08:26:12,0.02,0.0488,13.0,157.0,799.0,1.18
2022-06-28 08:27:13,0.02,0.0488,13.0,157.0,799.0,1.18
2022-06-28 08:28:13,0.02,0.0488,13.0,157.0,799.0,1.18
2022-06-28 08:29:14,0.02,0.0488,13.0,157.0,798.0,1.18
2022-06-28 08:30:15,0.02,0.0488,13.0,157.0,798.0,1.18
2022-06-28 08:31:16,0.02,0.0487,13.0,157.0,799.0,1.18
2022-06-28 08:32:16,0.02,0.0487,13.0,157.0,798.0,1.18
2022-06-28 08:33:17,0.02,0.0487,13.0,157.0,798.0,1.18
2022-06-28 08:34:18,0.02,0.0488,13.0,157.0,799.0,1.18
2022-06-28 08:35:18,0.02,0.0488,13.0,157.0,798.0,1.18
2022-06-28 08:36:19,0.02,0.0488,13.0,157.0,799.0,1.18
2022-06-28 08:37:20,0.02,0.0488,13.0,157.0,798.0,1.18
2022-06-28 08:38:21,0.02,0.0489,13.0,157.0,799.0,1.18
2022-06-28 08:39:21,0.02,0.0488,13.0,157.0,800.0,1.18
2022-06-28 08:40:22,0.02,0.0488,13.0,157.0,798.0,1.18
2022-06-28 08:41:23,0.02,0.049,13.0,157.0,799.0,1.18
2022-06-28 08:42:24,0.02,0.049,13.0,157.0,799.0,1.18
2022-06-28 08:43:24,0.02,0.049,13.0,157.0,798.0,1.18
2022-06-28 08:44:25,0.02,0.049,13.0,157.0,799.0,1.18
2022-06-28 08:45:26,0.02,0.049,13.0,157.0,799.0,1.18
2022-06-28 08:46:27,0.02,0.0489,13.0,157.0,799.0,1.18
2022-06-28 08:47:27,0.02,0.049,13.0,157.0,799.0,1.18
2022-06-28 08:48:28,0.02,0.049,13.0,157.0,799.0,1.18
2022-06-28 08:49:29,0.02,0.049,13.0,157.0,799.0,1.18
2022-06-28 08:50:30,0.02,0.049,13.0,158.0,799.0,1.18
2022-06-28 08:51:31,0.02,0.0489,13.0,157.0,799.0,1.18
2022-06-28 08:52:31,0.02,0.049,13.0,157.0,798.0,1.18
2022-06-28 08:53:32,0.02,0.0489,13.0,157.0,799.0,1.18
2022-06-28 08:54:33,0.02,0.049,13.0,157.0,798.0,1.18
2022-06-28 08:55:33,0.02,0.0489,13.0,157.0,799.0,1.18
2022-06-28 08:56:34,0.02,0.0489,13.0,157.0,799.0,1.18
2022-06-28 08:57:35,0.02,0.049,13.0,157.0,799.0,1.18
2022-06-28 08:58:36,0.02,0.049,13.0,157.0,798.0,1.18
2022-06-28 08:59:36,0.02,0.0491,13.0,157.0,799.0,1.18
2022-06-28 09:00:37,0.02,0.0491,13.0,157.0,798.0,1.18
2022-06-28 09:01:38,0.02,0.0492,13.0,157.0,799.0,1.18
2022-06-28 09:02:39,0.02,0.0492,13.0,157.0,799.0,1.18
2022-06-28 09:03:39,0.02,0.0492,13.0,157.0,799.0,1.18
2022-06-28 09:04:40,0.02,0.0492,13.0,157.0,798.0,1.18
2022-06-28 09:05:41,0.02,0.0491,13.0,157.0,799.0,1.18
2022-06-28 09:06:42,0.02,0.0491,13.0,157.0,799.0,1.18
2022-06-28 09:07:43,0.02,0.0491,12.0,157.0,798.0,1.18
2022-06-28 09:08:43,0.02,0.0491,13.0,157.0,799.0,1.18
2022-06-28 09:09:44,0.02,0.0491,13.0,157.0,799.0,1.18
2022-06-28 09:10:45,0.02,0.0491,13.0,157.0,799.0,1.18
2022-06-28 09:11:45,0.02,0.0491,13.0,157.0,799.0,1.18
2022-06-28 09:12:46,0.02,0.0491,13.0,157.0,799.0,1.18
2022-06-28 09:13:47,0.02,0.0492,13.0,157.0,798.0,1.18
2022-06-28 09:14:47,0.02,0.0491,13.0,157.0,799.0,1.18
2022-06-28 09:15:48,0.02,0.0492,13.0,157.0,799.0,1.18
2022-06-28 09:16:49,0.02,0.0494,13.0,157.0,799.0,1.19
2022-06-28 09:17:50,0.02,0.0493,13.0,157.0,798.0,1.19
2022-06-28 09:18:50,0.02,0.0494,13.0,157.0,799.0,1.18
2022-06-28 09:19:51,0.02,0.0494,13.0,157.0,799.0,1.18
2022-06-28 09:20:52,0.02,0.0494,13.0,157.0,799.0,1.18
2022-06-28 09:21:53,0.02,0.0494,13.0,157.0,799.0,1.19
2022-06-28 09:22:54,0.02,0.0494,13.0,157.0,799.0,1.18
2022-06-28 09:23:54,0.02,0.0495,13.0,157.0,799.0,1.19
2022-06-28 09:24:55,0.02,0.0494,13.0,157.0,798.0,1.19
2022-06-28 09:25:56,0.02,0.0494,13.0,157.0,799.0,1.19
2022-06-28 09:26:57,0.02,0.0495,13.0,157.0,799.0,1.18
2022-06-28 09:27:57,0.02,0.0495,13.0,157.0,799.0,1.19
2022-06-28 09:28:58,0.02,0.0494,13.0,157.0,799.0,1.19
2022-06-28 09:29:59,0.02,0.0495,13.0,157.0,799.0,1.19
2022-06-28 09:31:00,0.02,0.0494,13.0,157.0,798.0,1.19
2022-06-28 09:32:00,0.02,0.0494,13.0,157.0,799.0,1.19
2022-06-28 09:33:01,0.02,0.0494,13.0,157.0,799.0,1.19
2022-06-28 09:34:01,0.02,0.0494,13.0,157.0,799.0,1.19
2022-06-28 09:35:02,0.02,0.0494,13.0,157.0,799.0,1.19
2022-06-28 09:36:03,0.02,0.0495,13.0,157.0,799.0,1.19
2022-06-28 09:37:04,0.02,0.0495,13.0,157.0,799.0,1.19
2022-06-28 09:38:04,0.02,0.0495,13.0,157.0,799.0,1.19
2022-06-28 09:39:05,0.02,0.0496,13.0,157.0,799.0,1.19
2022-06-28 09:40:06,0.02,0.0496,13.0,157.0,798.0,1.19
2022-06-28 09:41:07,0.02,0.0496,13.0,157.0,799.0,1.19
2022-06-28 09:42:07,0.02,0.0495,13.0,157.0,799.0,1.19
2022-06-28 09:43:08,0.02,0.0495,13.0,157.0,798.0,1.19
2022-06-28 09:44:09,0.02,0.0495,13.0,157.0,799.0,1.19
2022-06-28 09:45:10,0.02,0.0495,13.0,157.0,799.0,1.19
2022-06-28 09:46:11,0.02,0.0495,13.0,157.0,799.0,1.19
2022-06-28 09:47:12,0.02,0.0495,13.0,157.0,799.0,1.19
2022-06-28 09:48:12,0.02,0.0496,13.0,157.0,799.0,1.19
2022-06-28 09:49:13,0.02,0.0496,13.0,157.0,799.0,1.19
2022-06-28 09:50:14,0.02,0.0496,13.0,157.0,799.0,1.19
2022-06-28 09:51:14,0.02,0.0496,13.0,157.0,799.0,1.19
2022-06-28 09:52:15,0.02,0.0497,13.0,157.0,799.0,1.19
2022-06-28 09:53:16,0.02,0.0497,13.0,157.0,799.0,1.19
2022-06-28 09:54:16,0.02,0.0498,13.0,157.0,799.0,1.19
2022-06-28 09:55:17,0.02,0.0499,13.0,157.0,799.0,1.19
2022-06-28 09:56:18,0.02,0.0499,13.0,157.0,799.0,1.19
2022-06-28 09:57:19,0.02,0.0498,13.0,157.0,799.0,1.19
2022-06-28 09:58:19,0.02,0.0498,13.0,157.0,799.0,1.19
2022-06-28 09:59:20,0.02,0.0499,13.0,157.0,799.0,1.19
2022-06-28 10:00:21,0.02,0.05,13.0,157.0,798.0,1.19
2022-06-28 10:01:22,0.02,0.0499,13.0,157.0,799.0,1.19
2022-06-28 10:02:22,0.02,0.0499,13.0,157.0,798.0,1.19
2022-06-28 10:03:23,0.02,0.0499,13.0,157.0,799.0,1.19
2022-06-28 10:04:24,0.02,0.0498,13.0,157.0,800.0,1.19
2022-06-28 10:05:25,0.02,0.0498,13.0,157.0,799.0,1.19
2022-06-28 10:06:25,0.02,0.0499,13.0,157.0,799.0,1.19
2022-06-28 10:07:26,0.02,0.0498,13.0,157.0,799.0,1.19
2022-06-28 10:08:27,0.02,0.0499,13.0,157.0,799.0,1.19
2022-06-28 10:09:28,0.02,0.0499,13.0,157.0,799.0,1.19
2022-06-28 10:10:28,0.02,0.0499,13.0,157.0,799.0,1.19
2022-06-28 10:11:29,0.02,0.0499,13.0,157.0,799.0,1.19
2022-06-28 10:12:30,0.02,0.0499,13.0,157.0,799.0,1.19
2022-06-28 10:13:30,0.02,0.05,13.0,157.0,799.0,1.19
2022-06-28 10:14:31,0.02,0.0499,13.0,157.0,799.0,1.19
2022-06-28 10:15:32,0.02,0.0499,13.0,158.0,800.0,1.19
2022-06-28 10:16:33,0.02,0.05,13.0,157.0,799.0,1.19
2022-06-28 10:17:33,0.02,0.05,13.0,157.0,800.0,1.19
2022-06-28 10:18:34,0.02,0.05,13.0,157.0,800.0,1.19
2022-06-28 10:19:35,0.02,0.0499,13.0,157.0,799.0,1.19
2022-06-28 10:20:36,0.02,0.05,13.0,157.0,799.0,1.19
2022-06-28 10:21:37,0.02,0.0499,13.0,157.0,799.0,1.19
2022-06-28 10:22:37,0.02,0.0499,13.0,157.0,799.0,1.19
2022-06-28 10:23:38,0.02,0.05,13.0,157.0,799.0,1.19
2022-06-28 10:24:39,0.02,0.05,13.0,157.0,799.0,1.19
2022-06-28 10:25:40,0.02,0.0499,13.0,157.0,800.0,1.19
2022-06-28 10:26:40,0.02,0.05,13.0,158.0,799.0,1.19
2022-06-28 10:27:41,0.02,0.05,13.0,157.0,799.0,1.2
2022-06-28 10:28:42,0.02,0.05,13.0,157.0,799.0,1.19
2022-06-28 10:29:43,0.02,0.0501,13.0,157.0,800.0,1.2
2022-06-28 10:30:43,0.02,0.0502,13.0,157.0,800.0,1.19
2022-06-28 10:31:44,0.02,0.0502,13.0,157.0,800.0,1.2
2022-06-28 10:32:45,0.02,0.0503,13.0,158.0,800.0,1.2
2022-06-28 10:33:46,0.02,0.0502,13.0,158.0,800.0,1.2
2022-06-28 10:34:46,0.02,0.0502,13.0,157.0,800.0,1.2
2022-06-28 10:35:47,0.02,0.0502,13.0,158.0,800.0,1.2
2022-06-28 10:36:48,0.02,0.0502,13.0,157.0,800.0,1.2
2022-06-28 10:37:49,0.02,0.0502,13.0,157.0,799.0,1.2
2022-06-28 10:38:50,0.02,0.0502,13.0,157.0,800.0,1.2
2022-06-28 10:39:50,0.02,0.0502,13.0,157.0,799.0,1.2
2022-06-28 10:40:51,0.02,0.0502,13.0,157.0,800.0,1.2
2022-06-28 10:41:52,0.02,0.0502,13.0,157.0,800.0,1.2
2022-06-28 10:42:53,0.02,0.0502,13.0,157.0,799.0,1.2
2022-06-28 10:43:53,0.02,0.0502,13.0,157.0,800.0,1.2
2022-06-28 10:44:54,0.02,0.0503,13.0,157.0,800.0,1.2
2022-06-28 10:45:55,0.02,0.0503,13.0,157.0,800.0,1.2
2022-06-28 10:46:55,0.02,0.0503,13.0,157.0,799.0,1.2
2022-06-28 10:47:56,0.02,0.0504,13.0,157.0,800.0,1.2
2022-06-28 10:48:57,0.02,0.0503,13.0,157.0,799.0,1.2
2022-06-28 10:49:58,0.02,0.0503,13.0,157.0,799.0,1.2
2022-06-28 10:50:58,0.02,0.0503,13.0,157.0,800.0,1.2
2022-06-28 10:51:59,0.02,0.0504,13.0,157.0,799.0,1.2
2022-06-28 10:53:00,0.02,0.0503,13.0,157.0,800.0,1.2
2022-06-28 10:54:00,0.02,0.0503,13.0,157.0,799.0,1.2
2022-06-28 10:55:01,0.02,0.0503,13.0,157.0,800.0,1.2
2022-06-28 10:56:02,0.02,0.0503,13.0,157.0,800.0,1.2
2022-06-28 10:57:03,0.02,0.0503,13.0,157.0,799.0,1.2
2022-06-28 10:58:03,0.02,0.0503,13.0,157.0,800.0,1.2
2022-06-28 10:59:04,0.02,0.0503,13.0,157.0,800.0,1.2
2022-06-28 11:00:05,0.02,0.0503,13.0,157.0,799.0,1.2
2022-06-28 11:01:05,0.02,0.0503,13.0,157.0,799.0,1.2
2022-06-28 11:02:06,0.02,0.0503,13.0,157.0,799.0,1.2
2022-06-28 11:03:07,0.02,0.0503,13.0,157.0,799.0,1.2
2022-06-28 11:04:07,0.02,0.0504,13.0,157.0,799.0,1.2
2022-06-28 11:05:08,0.02,0.0505,13.0,157.0,800.0,1.2
2022-06-28 11:06:09,0.02,0.0505,13.0,157.0,799.0,1.2
2022-06-28 11:07:10,0.02,0.0506,13.0,157.0,799.0,1.2
2022-06-28 11:08:11,0.02,0.0506,13.0,157.0,799.0,1.2
2022-06-28 11:09:11,0.02,0.0506,13.0,157.0,800.0,1.2
2022-06-28 11:10:12,0.02,0.0506,13.0,157.0,799.0,1.2
2022-06-28 11:11:13,0.02,0.0505,13.0,157.0,799.0,1.2
2022-06-28 11:12:14,0.02,0.0505,13.0,157.0,800.0,1.2
2022-06-28 11:13:15,0.02,0.0505,13.0,157.0,800.0,1.2
2022-06-28 11:14:15,0.02,0.0505,13.0,157.0,799.0,1.2
2022-06-28 11:15:16,0.02,0.0505,13.0,158.0,800.0,1.2
2022-06-28 11:16:17,0.02,0.0505,13.0,157.0,799.0,1.2
2022-06-28 11:17:18,0.02,0.0505,13.0,157.0,800.0,1.2
2022-06-28 11:18:18,0.02,0.0505,13.0,157.0,800.0,1.2
2022-06-28 11:19:19,0.02,0.0506,13.0,157.0,799.0,1.2
2022-06-28 11:20:20,0.02,0.0506,13.0,157.0,799.0,1.2
2022-06-28 11:21:21,0.02,0.0506,13.0,157.0,799.0,1.2
2022-06-28 11:22:21,0.02,0.0507,13.0,157.0,800.0,1.2
2022-06-28 11:23:22,0.02,0.0508,13.0,157.0,800.0,1.2
2022-06-28 11:24:23,0.02,0.0508,13.0,157.0,799.0,1.2
2022-06-28 11:25:24,0.02,0.0508,13.0,157.0,800.0,1.2
2022-06-28 11:26:24,0.02,0.0508,13.0,157.0,800.0,1.2
2022-06-28 11:27:25,0.02,0.0508,13.0,157.0,800.0,1.2
2022-06-28 11:28:26,0.02,0.0508,13.0,157.0,800.0,1.2
2022-06-28 11:29:27,0.02,0.0508,13.0,158.0,800.0,1.2
2022-06-28 11:30:28,0.02,0.0507,13.0,157.0,799.0,1.21
2022-06-28 11:31:28,0.02,0.0508,13.0,157.0,800.0,1.2
2022-06-28 11:32:29,0.02,0.0508,13.0,158.0,799.0,1.2
2022-06-28 11:33:30,0.02,0.0508,13.0,157.0,800.0,1.2
2022-06-28 11:34:30,0.02,0.0507,13.0,157.0,799.0,1.21
2022-06-28 11:35:31,0.02,0.0508,13.0,157.0,800.0,1.2
2022-06-28 11:36:32,0.02,0.0508,13.0,157.0,800.0,1.21
2022-06-28 11:37:33,0.02,0.0508,13.0,157.0,799.0,1.21
2022-06-28 11:38:33,0.02,0.0508,13.0,157.0,800.0,1.21
2022-06-28 11:39:34,0.02,0.0508,13.0,157.0,799.0,1.21
2022-06-28 11:40:35,0.02,0.0508,13.0,157.0,799.0,1.21
2022-06-28 11:41:36,0.02,0.0508,13.0,157.0,800.0,1.21
2022-06-28 11:42:36,0.02,0.0509,13.0,157.0,800.0,1.21
2022-06-28 11:43:37,0.02,0.0509,13.0,157.0,800.0,1.21
2022-06-28 11:44:38,0.02,0.0509,13.0,157.0,799.0,1.21
2022-06-28 11:45:39,0.02,0.0509,13.0,157.0,800.0,1.21
2022-06-28 11:46:39,0.02,0.0509,13.0,157.0,800.0,1.21
2022-06-28 11:47:40,0.02,0.0508,13.0,157.0,799.0,1.21
2022-06-28 11:48:41,0.02,0.0509,13.0,157.0,799.0,1.21
2022-06-28 11:49:42,0.02,0.0508,13.0,157.0,799.0,1.21
2022-06-28 11:50:43,0.02,0.0508,13.0,157.0,800.0,1.21
2022-06-28 11:51:43,0.02,0.0508,13.0,157.0,800.0,1.21
2022-06-28 11:52:44,0.02,0.0509,13.0,157.0,800.0,1.21
2022-06-28 11:53:45,0.02,0.0509,13.0,157.0,800.0,1.21
2022-06-28 11:54:46,0.02,0.0509,13.0,158.0,799.0,1.21
2022-06-28 11:55:47,0.02,0.0509,13.0,157.0,800.0,1.21
2022-06-28 11:56:47,0.02,0.0509,13.0,157.0,800.0,1.21
2022-06-28 11:57:48,0.02,0.051,13.0,157.0,799.0,1.21
2022-06-28 11:58:49,0.02,0.0511,13.0,157.0,799.0,1.21
2022-06-28 11:59:50,0.02,0.0511,13.0,157.0,800.0,1.21
2022-06-28 12:00:50,0.02,0.0512,13.0,157.0,800.0,1.21
2022-06-28 12:01:51,0.02,0.0511,14.0,157.0,800.0,1.21
2022-06-28 12:02:52,0.02,0.0511,13.0,157.0,800.0,1.21
2022-06-28 12:03:53,0.02,0.0512,13.0,157.0,799.0,1.21
2022-06-28 12:04:53,0.02,0.0512,13.0,157.0,799.0,1.21
2022-06-28 12:05:54,0.02,0.0511,13.0,157.0,800.0,1.21
2022-06-28 12:06:55,0.02,0.0511,13.0,157.0,800.0,1.21
2022-06-28 12:07:56,0.02,0.0512,13.0,157.0,799.0,1.21
2022-06-28 12:08:56,0.02,0.0511,13.0,157.0,800.0,1.21
2022-06-28 12:09:57,0.02,0.0511,13.0,157.0,800.0,1.21
2022-06-28 12:10:58,0.02,0.0512,13.0,158.0,799.0,1.21
2022-06-28 12:11:58,0.02,0.0511,13.0,157.0,800.0,1.21
2022-06-28 12:12:59,0.02,0.0512,13.0,157.0,800.0,1.21
2022-06-28 12:14:00,0.02,0.0512,13.0,157.0,800.0,1.21
2022-06-28 12:15:00,0.02,0.0512,13.0,157.0,800.0,1.21
2022-06-28 12:16:01,0.02,0.0512,13.0,157.0,800.0,1.21
2022-06-28 12:17:02,0.02,0.0512,13.0,158.0,800.0,1.21
2022-06-28 12:18:02,0.02,0.0512,13.0,157.0,800.0,1.21
2022-06-28 12:19:03,0.02,0.0513,13.0,157.0,800.0,1.21
2022-06-28 12:20:04,0.02,0.0513,13.0,157.0,800.0,1.21
2022-06-28 12:21:04,0.02,0.0513,13.0,157.0,800.0,1.21
2022-06-28 12:22:05,0.02,0.0513,13.0,157.0,800.0,1.21
2022-06-28 12:23:06,0.02,0.0513,13.0,157.0,799.0,1.21
2022-06-28 12:24:07,0.02,0.0512,13.0,157.0,799.0,1.21
2022-06-28 12:25:07,0.02,0.0512,13.0,157.0,799.0,1.21
2022-06-28 12:26:08,0.02,0.0512,13.0,157.0,799.0,1.21
2022-06-28 12:27:09,0.02,0.0512,13.0,157.0,800.0,1.21
2022-06-28 12:28:10,0.02,0.0512,13.0,157.0,800.0,1.21
2022-06-28 12:29:10,0.02,0.0512,13.0,157.0,800.0,1.21
2022-06-28 12:30:11,0.02,0.0512,13.0,157.0,799.0,1.21
2022-06-28 12:31:12,0.02,0.0513,13.0,157.0,799.0,1.21
2022-06-28 12:32:12,0.02,0.0513,13.0,157.0,799.0,1.21
2022-06-28 12:33:13,0.02,0.0513,13.0,157.0,800.0,1.21
2022-06-28 12:34:14,0.02,0.0514,13.0,157.0,800.0,1.21
2022-06-28 12:35:15,0.02,0.0515,13.0,157.0,799.0,1.21
2022-06-28 12:36:16,0.02,0.0516,14.0,157.0,800.0,1.21
2022-06-28 12:37:17,0.02,0.0516,13.0,157.0,800.0,1.21
2022-06-28 12:38:17,0.02,0.0516,13.0,157.0,799.0,1.21
2022-06-28 12:39:18,0.02,0.0516,13.0,157.0,800.0,1.21
2022-06-28 12:40:19,0.02,0.0516,13.0,157.0,800.0,1.21
2022-06-28 12:41:19,0.02,0.0516,13.0,157.0,800.0,1.22
2022-06-28 12:42:20,0.02,0.0516,13.0,157.0,800.0,1.22
2022-06-28 12:43:21,0.02,0.0516,13.0,157.0,800.0,1.22
2022-06-28 12:44:22,0.02,0.0516,13.0,157.0,799.0,1.22
2022-06-28 12:45:22,0.02,0.0515,13.0,157.0,799.0,1.22
2022-06-28 12:46:23,0.02,0.0515,13.0,157.0,800.0,1.22
2022-06-28 12:47:24,0.02,0.0515,13.0,157.0,799.0,1.22
2022-06-28 12:48:24,0.02,0.0516,13.0,157.0,800.0,1.21
2022-06-28 12:49:25,0.02,0.0516,13.0,157.0,799.0,1.22
2022-06-28 12:50:26,0.02,0.0516,13.0,157.0,801.0,1.22
2022-06-28 12:51:26,0.02,0.0516,13.0,157.0,799.0,1.21
2022-06-28 12:52:27,0.02,0.0517,13.0,157.0,800.0,1.21
2022-06-28 12:53:28,0.02,0.0517,13.0,157.0,800.0,1.22
2022-06-28 12:54:29,0.02,0.0516,13.0,157.0,799.0,1.22
2022-06-28 12:55:29,0.02,0.0517,13.0,157.0,800.0,1.22
2022-06-28 12:56:30,0.02,0.0517,13.0,157.0,800.0,1.22
2022-06-28 12:57:31,0.02,0.0517,13.0,157.0,799.0,1.22
2022-06-28 12:58:31,0.02,0.0517,13.0,157.0,800.0,1.22
2022-06-28 12:59:32,0.02,0.0517,13.0,157.0,800.0,1.22
2022-06-28 13:00:33,0.02,0.0517,13.0,157.0,800.0,1.22
2022-06-28 13:01:33,0.02,0.0517,13.0,158.0,799.0,1.22
2022-06-28 13:02:34,0.02,0.0517,13.0,157.0,800.0,1.22
2022-06-28 13:03:35,0.02,0.0517,13.0,157.0,799.0,1.22
2022-06-28 13:04:36,0.02,0.0517,13.0,157.0,800.0,1.22
2022-06-28 13:05:37,0.02,0.0517,13.0,157.0,800.0,1.22
2022-06-28 13:06:37,0.02,0.0517,13.0,157.0,800.0,1.22
2022-06-28 13:07:38,0.02,0.0517,14.0,157.0,799.0,1.22
2022-06-28 13:08:39,0.02,0.0517,13.0,157.0,800.0,1.22
2022-06-28 13:09:39,0.02,0.0517,13.0,158.0,799.0,1.22
2022-06-28 13:10:40,0.02,0.0517,13.0,157.0,799.0,1.22
2022-06-28 13:11:41,0.02,0.0518,13.0,157.0,800.0,1.22
2022-06-28 13:12:41,0.02,0.0519,13.0,157.0,800.0,1.22
2022-06-28 13:13:42,0.02,0.0519,14.0,157.0,799.0,1.22
2022-06-28 13:14:43,0.02,0.052,13.0,157.0,799.0,1.22
2022-06-28 13:15:44,0.02,0.052,13.0,157.0,799.0,1.22
2022-06-28 13:16:44,0.02,0.052,13.0,157.0,799.0,1.22
2022-06-28 13:17:45,0.02,0.052,13.0,157.0,800.0,1.22
2022-06-28 13:18:46,0.02,0.0518,13.0,157.0,799.0,1.22
2022-06-28 13:19:47,0.02,0.0519,13.0,157.0,802.0,1.22
2022-06-28 13:20:48,0.02,0.0519,13.0,157.0,800.0,1.22
2022-06-28 13:21:48,0.02,0.0519,13.0,157.0,800.0,1.22
2022-06-28 13:22:49,0.02,0.0518,13.0,157.0,800.0,1.22
2022-06-28 13:23:50,0.02,0.0518,13.0,157.0,800.0,1.22
2022-06-28 13:24:51,0.02,0.0519,13.0,157.0,799.0,1.22
2022-06-28 13:25:51,0.02,0.0519,13.0,157.0,800.0,1.22
2022-06-28 13:26:52,0.02,0.052,13.0,157.0,800.0,1.22
2022-06-28 13:27:53,0.02,0.052,13.0,157.0,799.0,1.22
2022-06-28 13:28:54,0.02,0.052,13.0,157.0,800.0,1.22
2022-06-28 13:29:54,0.02,0.052,13.0,157.0,800.0,1.22
2022-06-28 13:30:55,0.02,0.0521,13.0,157.0,800.0,1.22
2022-06-28 13:31:56,0.02,0.0521,13.0,157.0,799.0,1.22
2022-06-28 13:32:57,0.02,0.0521,13.0,157.0,800.0,1.22
2022-06-28 13:33:58,0.02,0.052,13.0,157.0,799.0,1.22
2022-06-28 13:34:58,0.02,0.0521,13.0,157.0,799.0,1.22
2022-06-28 13:35:59,0.02,0.0521,13.0,157.0,800.0,1.22
2022-06-28 13:37:00,0.02,0.0521,13.0,157.0,800.0,1.22
2022-06-28 13:38:01,0.02,0.052,13.0,157.0,799.0,1.22
2022-06-28 13:39:01,0.02,0.0521,13.0,157.0,801.0,1.22
2022-06-28 13:40:02,0.02,0.0521,13.0,157.0,799.0,1.22
2022-06-28 13:41:03,0.02,0.0521,13.0,157.0,800.0,1.22
2022-06-28 13:42:04,0.02,0.052,13.0,157.0,799.0,1.22
2022-06-28 13:43:04,0.02,0.052,13.0,157.0,799.0,1.22
2022-06-28 13:44:05,0.02,0.0522,13.0,157.0,800.0,1.22
2022-06-28 13:45:06,0.02,0.0521,13.0,157.0,799.0,1.22
2022-06-28 13:46:07,0.02,0.0521,13.0,157.0,800.0,1.22
2022-06-28 13:47:07,0.02,0.0521,13.0,157.0,799.0,1.22
2022-06-28 13:48:08,0.02,0.0521,13.0,157.0,800.0,1.22
2022-06-28 13:49:09,0.02,0.0521,13.0,157.0,800.0,1.22
2022-06-28 13:50:09,0.02,0.0522,13.0,157.0,800.0,1.22
2022-06-28 13:51:10,0.02,0.0523,13.0,157.0,799.0,1.22
2022-06-28 13:52:11,0.02,0.0523,13.0,157.0,799.0,1.23
2022-06-28 13:53:11,0.02,0.0523,13.0,157.0,799.0,1.22
2022-06-28 13:54:12,0.02,0.0522,13.0,157.0,800.0,1.23
2022-06-28 13:55:13,0.02,0.0521,13.0,157.0,799.0,1.23
2022-06-28 13:56:14,0.02,0.0522,13.0,157.0,800.0,1.22
2022-06-28 13:57:14,0.02,0.0522,13.0,157.0,799.0,1.22
2022-06-28 13:58:15,0.02,0.0522,13.0,157.0,800.0,1.23
2022-06-28 13:59:16,0.02,0.0522,13.0,157.0,800.0,1.23
2022-06-28 14:00:17,0.02,0.0522,13.0,157.0,800.0,1.22
2022-06-28 14:01:18,0.02,0.0522,13.0,157.0,800.0,1.23
2022-06-28 14:02:18,0.02,0.0522,13.0,158.0,799.0,1.23
2022-06-28 14:03:19,0.02,0.0523,13.0,157.0,800.0,1.22
2022-06-28 14:04:20,0.02,0.0523,13.0,157.0,800.0,1.22
2022-06-28 14:05:21,0.02,0.0524,13.0,157.0,799.0,1.23
2022-06-28 14:06:21,0.02,0.0524,13.0,157.0,800.0,1.23
2022-06-28 14:07:22,0.02,0.0525,13.0,157.0,800.0,1.23
2022-06-28 14:08:23,0.02,0.0525,13.0,157.0,800.0,1.23
2022-06-28 14:09:23,0.02,0.0526,13.0,157.0,801.0,1.23
2022-06-28 14:10:24,0.02,0.0526,13.0,157.0,799.0,1.23
2022-06-28 14:11:25,0.02,0.0526,13.0,157.0,800.0,1.23
2022-06-28 14:12:25,0.02,0.0525,13.0,157.0,799.0,1.23
2022-06-28 14:13:26,0.02,0.0525,13.0,157.0,799.0,1.23
2022-06-28 14:14:27,0.02,0.0525,13.0,157.0,801.0,1.23
2022-06-28 14:15:28,0.02,0.0526,13.0,157.0,799.0,1.23
2022-06-28 14:16:28,0.02,0.0525,13.0,157.0,800.0,1.23
2022-06-28 14:17:29,0.02,0.0525,13.0,157.0,800.0,1.23
2022-06-28 14:18:30,0.02,0.0526,13.0,157.0,800.0,1.23
2022-06-28 14:19:31,0.02,0.0525,13.0,157.0,800.0,1.23
2022-06-28 14:20:32,0.02,0.0525,13.0,157.0,799.0,1.23
2022-06-28 14:21:32,0.02,0.0525,13.0,157.0,800.0,1.23
2022-06-28 14:22:33,0.02,0.0526,13.0,157.0,799.0,1.23
2022-06-28 14:23:34,0.02,0.0526,13.0,157.0,799.0,1.23
2022-06-28 14:24:34,0.02,0.0526,14.0,157.0,799.0,1.23
2022-06-28 14:25:35,0.02,0.0526,13.0,157.0,799.0,1.23
2022-06-28 14:26:36,0.02,0.0527,13.0,157.0,801.0,1.23
2022-06-28 14:27:37,0.02,0.0526,13.0,157.0,800.0,1.23
2022-06-28 14:28:37,0.02,0.0526,13.0,157.0,800.0,1.23
2022-06-28 14:29:38,0.02,0.0526,13.0,158.0,800.0,1.23
2022-06-28 14:30:39,0.02,0.0527,13.0,157.0,799.0,1.23
2022-06-28 14:31:40,0.02,0.0526,14.0,157.0,799.0,1.23
2022-06-28 14:32:40,0.02,0.0526,13.0,157.0,800.0,1.23
2022-06-28 14:33:41,0.02,0.0526,13.0,157.0,800.0,1.23
2022-06-28 14:34:42,0.02,0.0527,13.0,157.0,800.0,1.23
2022-06-28 14:35:43,0.02,0.0526,13.0,157.0,799.0,1.23
2022-06-28 14:36:44,0.02,0.0526,13.0,157.0,799.0,1.23
2022-06-28 14:37:44,0.02,0.0526,13.0,157.0,799.0,1.23
2022-06-28 14:38:45,0.02,0.0526,13.0,158.0,800.0,1.23
2022-06-28 14:39:46,0.02,0.0526,13.0,157.0,800.0,1.23
2022-06-28 14:40:46,0.02,0.0526,13.0,157.0,800.0,1.23
2022-06-28 14:41:47,0.02,0.0527,13.0,158.0,800.0,1.23
2022-06-28 14:42:48,0.02,0.0527,13.0,157.0,800.0,1.23
2022-06-28 14:43:49,0.02,0.0528,13.0,157.0,799.0,1.23
2022-06-28 14:44:50,0.02,0.0529,13.0,157.0,799.0,1.23
2022-06-28 14:45:50,0.02,0.0529,13.0,157.0,800.0,1.23
2022-06-28 14:46:51,0.02,0.0529,13.0,157.0,799.0,1.23
2022-06-28 14:47:52,0.02,0.0529,13.0,157.0,799.0,1.23
2022-06-28 14:48:53,0.02,0.0529,13.0,157.0,800.0,1.23
2022-06-28 14:49:53,0.02,0.0528,13.0,157.0,799.0,1.23
2022-06-28 14:50:54,0.02,0.0528,13.0,157.0,800.0,1.23
2022-06-28 14:51:55,0.02,0.0528,13.0,157.0,800.0,1.23
2022-06-28 14:52:56,0.02,0.0528,13.0,157.0,800.0,1.23
2022-06-28 14:53:56,0.02,0.0527,13.0,157.0,800.0,1.23
2022-06-28 14:54:57,0.02,0.0527,14.0,157.0,800.0,1.23
2022-06-28 14:55:58,0.02,0.0529,13.0,157.0,800.0,1.23
2022-06-28 14:56:59,0.02,0.0528,13.0,157.0,799.0,1.23
2022-06-28 14:57:59,0.02,0.0529,13.0,157.0,800.0,1.23
2022-06-28 14:59:00,0.02,0.0529,13.0,157.0,800.0,1.23
2022-06-28 15:00:01,0.02,0.053,13.0,157.0,800.0,1.23
2022-06-28 15:01:02,0.02,0.053,13.0,157.0,799.0,1.23
2022-06-28 15:02:03,0.02,0.0531,13.0,158.0,799.0,1.24
2022-06-28 15:03:03,0.02,0.053,13.0,157.0,799.0,1.23
2022-06-28 15:04:04,0.02,0.0531,13.0,158.0,799.0,1.24
2022-06-28 15:05:05,0.02,0.0531,13.0,157.0,799.0,1.23
2022-06-28 15:06:06,0.02,0.0532,13.0,157.0,800.0,1.23
2022-06-28 15:07:06,0.02,0.0532,13.0,157.0,800.0,1.23
2022-06-28 15:08:07,0.02,0.0531,13.0,158.0,800.0,1.23
2022-06-28 15:09:08,0.02,0.0531,13.0,157.0,800.0,1.24
2022-06-28 15:10:09,0.02,0.0531,13.0,157.0,800.0,1.24
2022-06-28 15:11:10,0.02,0.0531,13.0,157.0,800.0,1.23
2022-06-28 15:12:11,0.02,0.053,13.0,157.0,800.0,1.23
2022-06-28 15:13:11,0.02,0.0531,13.0,157.0,799.0,1.24
2022-06-28 15:14:12,0.02,0.0531,13.0,157.0,799.0,1.23
2022-06-28 15:15:13,0.02,0.0532,13.0,157.0,799.0,1.23
2022-06-28 15:16:14,0.02,0.0531,13.0,157.0,799.0,1.24
2022-06-28 15:17:14,0.02,0.0531,13.0,157.0,799.0,1.24
2022-06-28 15:18:15,0.02,0.0532,13.0,157.0,799.0,1.24
2022-06-28 15:19:16,0.02,0.0531,13.0,157.0,799.0,1.24
2022-06-28 15:20:17,0.02,0.0532,13.0,157.0,800.0,1.24
2022-06-28 15:21:18,0.02,0.0532,13.0,157.0,800.0,1.24
2022-06-28 15:22:18,0.02,0.0533,13.0,157.0,799.0,1.24
2022-06-28 15:23:19,0.02,0.0533,13.0,157.0,800.0,1.24
2022-06-28 15:24:20,0.02,0.0533,13.0,157.0,799.0,1.24
2022-06-28 15:25:20,0.02,0.0532,13.0,157.0,800.0,1.24
2022-06-28 15:26:21,0.02,0.0532,13.0,157.0,800.0,1.24
2022-06-28 15:27:22,0.02,0.0532,13.0,157.0,799.0,1.24
2022-06-28 15:28:23,0.02,0.0532,13.0,157.0,799.0,1.24
2022-06-28 15:29:23,0.02,0.0532,13.0,157.0,799.0,1.24
2022-06-28 15:30:24,0.02,0.0532,13.0,157.0,800.0,1.24
2022-06-28 15:31:25,0.02,0.0532,13.0,157.0,800.0,1.24
2022-06-28 15:32:25,0.02,0.0532,13.0,157.0,799.0,1.24
2022-06-28 15:33:26,0.02,0.0532,13.0,157.0,800.0,1.24
2022-06-28 15:34:27,0.02,0.0532,13.0,157.0,800.0,1.24
2022-06-28 15:35:28,0.02,0.0533,13.0,157.0,801.0,1.24
2022-06-28 15:36:28,0.02,0.0532,14.0,157.0,800.0,1.24
2022-06-28 15:37:29,0.02,0.0533,13.0,157.0,800.0,1.24
2022-06-28 15:38:30,0.02,0.0534,13.0,157.0,799.0,1.24
2022-06-28 15:39:31,0.02,0.0535,13.0,157.0,800.0,1.24
2022-06-28 15:40:32,0.02,0.0535,13.0,157.0,799.0,1.24
2022-06-28 15:41:32,0.02,0.0535,13.0,158.0,801.0,1.24
2022-06-28 15:42:33,0.02,0.0535,13.0,157.0,799.0,1.24
2022-06-28 15:43:34,0.02,0.0535,13.0,157.0,800.0,1.24
2022-06-28 15:44:34,0.02,0.0535,13.0,157.0,801.0,1.24
2022-06-28 15:45:35,0.02,0.0535,13.0,158.0,800.0,1.24
2022-06-28 15:46:36,0.02,0.0535,13.0,157.0,799.0,1.24
2022-06-28 15:47:37,0.02,0.0535,13.0,157.0,800.0,1.24
2022-06-28 15:48:38,0.02,0.0534,13.0,157.0,800.0,1.24
2022-06-28 15:49:39,0.02,0.0534,13.0,157.0,799.0,1.24
2022-06-28 15:50:39,0.02,0.0534,14.0,157.0,800.0,1.24
2022-06-28 15:51:40,0.02,0.0534,13.0,157.0,799.0,1.24
2022-06-28 15:52:41,0.02,0.0535,13.0,157.0,799.0,1.24
2022-06-28 15:53:42,0.02,0.0535,13.0,157.0,801.0,1.24
2022-06-28 15:54:42,0.02,0.0535,13.0,157.0,800.0,1.24
2022-06-28 15:55:43,0.02,0.0536,13.0,157.0,799.0,1.24
2022-06-28 15:56:44,0.02,0.0536,13.0,157.0,799.0,1.24
2022-06-28 15:57:45,0.02,0.0535,13.0,157.0,800.0,1.24
2022-06-28 15:58:46,0.02,0.0535,13.0,157.0,799.0,1.24
2022-06-28 15:59:46,0.02,0.0536,14.0,157.0,800.0,1.24
2022-06-28 16:00:47,0.02,0.0536,13.0,157.0,800.0,1.24
2022-06-28 16:01:48,0.02,0.0536,13.0,157.0,799.0,1.24
2022-06-28 16:02:48,0.02,0.0536,13.0,157.0,799.0,1.24
2022-06-28 16:03:49,0.02,0.0535,14.0,157.0,799.0,1.24
2022-06-28 16:04:50,0.02,0.0535,13.0,157.0,799.0,1.24
2022-06-28 16:05:51,0.02,0.0536,13.0,157.0,799.0,1.24
2022-06-28 16:06:51,0.02,0.0536,13.0,158.0,800.0,1.24
2022-06-28 16:07:52,0.02,0.0535,13.0,157.0,799.0,1.24
2022-06-28 16:08:53,0.02,0.0535,13.0,157.0,799.0,1.24
2022-06-28 16:09:54,0.02,0.0536,13.0,157.0,799.0,1.24
2022-06-28 16:10:55,0.02,0.0535,13.0,157.0,800.0,1.25
2022-06-28 16:11:55,0.02,0.0536,13.0,157.0,799.0,1.25
2022-06-28 16:12:56,0.02,0.0536,14.0,157.0,799.0,1.25
2022-06-28 16:13:57,0.02,0.0536,13.0,157.0,799.0,1.25
2022-06-28 16:14:57,0.02,0.0536,13.0,157.0,799.0,1.25
2022-06-28 16:15:58,0.02,0.0538,13.0,157.0,800.0,1.25
2022-06-28 16:16:59,0.02,0.0538,13.0,157.0,799.0,1.25
2022-06-28 16:18:00,0.02,0.0539,13.0,157.0,800.0,1.25
2022-06-28 16:19:00,0.02,0.0539,13.0,157.0,799.0,1.25
2022-06-28 16:20:01,0.02,0.0539,13.0,157.0,799.0,1.25
2022-06-28 16:21:02,0.02,0.0539,13.0,157.0,799.0,1.25
2022-06-28 16:22:02,0.02,0.0538,13.0,157.0,800.0,1.25
2022-06-28 16:23:03,0.02,0.0538,13.0,157.0,799.0,1.25
2022-06-28 16:24:04,0.02,0.0538,13.0,157.0,799.0,1.25
2022-06-28 16:25:05,0.02,0.0538,13.0,158.0,800.0,1.25
2022-06-28 16:26:05,0.02,0.0537,13.0,157.0,799.0,1.25
2022-06-28 16:27:06,0.02,0.0538,13.0,157.0,799.0,1.25
2022-06-28 16:28:07,0.02,0.0538,13.0,157.0,800.0,1.25
2022-06-28 16:29:07,0.02,0.0538,14.0,157.0,799.0,1.25
2022-06-28 16:30:08,0.02,0.0539,13.0,158.0,800.0,1.25
2022-06-28 16:31:09,0.02,0.0539,13.0,157.0,799.0,1.25
2022-06-28 16:32:09,0.02,0.0539,13.0,157.0,800.0,1.25
2022-06-28 16:33:10,0.02,0.0539,14.0,157.0,799.0,1.25
2022-06-28 16:34:11,0.02,0.054,13.0,157.0,800.0,1.25
2022-06-28 16:35:12,0.02,0.0539,13.0,157.0,800.0,1.25
2022-06-28 16:36:12,0.02,0.0539,13.0,157.0,799.0,155.0
2022-06-28 16:37:13,0.02,0.0539,13.0,157.0,800.0,669.0
2022-06-28 16:38:14,0.02,0.0539,13.0,157.0,800.0,1000.0
2022-06-28 16:39:15,0.02,0.0539,13.0,157.0,799.0,1060.0
2022-06-28 16:40:15,0.02,0.0539,13.0,157.0,800.0,1060.0
2022-06-28 16:41:16,0.02,0.054,13.0,157.0,799.0,1060.0
2022-06-28 16:42:17,0.02,0.054,13.0,157.0,799.0,1060.0
2022-06-28 16:43:17,0.02,0.054,13.0,158.0,800.0,1060.0
2022-06-28 16:44:18,0.02,0.0539,13.0,157.0,799.0,1060.0
2022-06-28 16:45:19,0.02,0.054,13.0,158.0,799.0,1060.0
2022-06-28 16:46:20,0.02,0.0539,13.0,157.0,799.0,1060.0
2022-06-28 16:47:20,0.02,0.0539,13.0,157.0,799.0,1060.0
2022-06-28 16:48:21,0.02,0.0539,13.0,158.0,800.0,1060.0
2022-06-28 16:49:22,0.02,0.054,13.0,158.0,800.0,1060.0
2022-06-28 16:50:22,0.02,0.0539,13.0,157.0,800.0,1060.0
2022-06-28 16:51:23,0.02,0.054,13.0,157.0,799.0,1060.0
2022-06-28 16:52:24,0.02,0.0541,13.0,158.0,799.0,1060.0
2022-06-28 16:53:25,0.02,0.0542,14.0,157.0,799.0,1060.0
2022-06-28 16:54:25,0.02,0.0542,14.0,157.0,799.0,1060.0
2022-06-28 16:55:26,0.02,0.0542,14.0,157.0,800.0,1060.0
2022-06-28 16:56:27,0.02,0.0542,14.0,157.0,800.0,1060.0
2022-06-28 16:57:28,0.02,0.0542,14.0,157.0,800.0,1060.0
2022-06-28 16:58:28,0.02,0.0541,13.0,157.0,799.0,1060.0
2022-06-28 16:59:29,0.02,0.0541,13.0,157.0,800.0,1060.0
2022-06-28 17:00:30,0.02,0.0541,13.0,157.0,800.0,1060.0
2022-06-28 17:01:30,0.02,0.0541,14.0,157.0,799.0,1060.0
2022-06-28 17:02:31,0.02,0.0541,14.0,157.0,800.0,1060.0
2022-06-28 17:03:32,0.02,0.0541,13.0,157.0,799.0,1060.0
2022-06-28 17:04:32,0.02,0.0541,14.0,157.0,800.0,1060.0
2022-06-28 17:05:33,0.02,0.0541,14.0,157.0,800.0,1060.0
2022-06-28 17:06:34,0.02,0.0541,14.0,157.0,800.0,1060.0
2022-06-28 17:07:34,0.02,0.0542,14.0,158.0,799.0,1060.0
2022-06-28 17:08:35,0.02,0.0542,13.0,158.0,799.0,1060.0
2022-06-28 17:09:36,0.02,0.0543,14.0,157.0,800.0,1060.0
2022-06-28 17:10:36,0.02,0.0544,13.0,157.0,799.0,1060.0
2022-06-28 17:11:37,0.02,0.0544,14.0,157.0,800.0,1060.0
2022-06-28 17:12:38,0.02,0.0544,13.0,157.0,800.0,1060.0
2022-06-28 17:13:38,0.02,0.0545,14.0,157.0,800.0,1060.0
2022-06-28 17:14:39,0.02,0.0545,13.0,158.0,799.0,1060.0
2022-06-28 17:15:40,0.02,0.0545,13.0,157.0,799.0,1060.0
2022-06-28 17:16:40,0.02,0.0545,13.0,157.0,800.0,1060.0
2022-06-28 17:17:41,0.02,0.0544,13.0,158.0,799.0,1060.0
2022-06-28 17:18:42,0.02,0.0544,13.0,157.0,799.0,1060.0
2022-06-28 17:19:43,0.02,0.0545,13.0,158.0,800.0,1060.0
2022-06-28 17:20:44,0.02,0.0544,14.0,157.0,799.0,1060.0
2022-06-28 17:21:44,0.02,0.0545,13.0,157.0,799.0,1060.0
2022-06-28 17:22:45,0.02,0.0545,14.0,157.0,799.0,1060.0
2022-06-28 17:23:46,0.02,0.0545,14.0,157.0,800.0,1060.0
2022-06-28 17:24:46,0.02,0.0545,13.0,157.0,799.0,1060.0
2022-06-28 17:25:47,0.02,0.0544,14.0,157.0,800.0,1060.0
2022-06-28 17:26:48,0.02,0.0545,14.0,157.0,799.0,1060.0
2022-06-28 17:27:49,0.02,0.0544,14.0,157.0,799.0,1060.0
2022-06-28 17:28:49,0.02,0.0544,14.0,158.0,800.0,1060.0
2022-06-28 17:29:50,0.02,0.0545,14.0,157.0,799.0,1060.0
2022-06-28 17:30:51,0.02,0.0545,14.0,158.0,799.0,1060.0
2022-06-28 17:31:51,0.02,0.0546,13.0,157.0,799.0,1060.0
2022-06-28 17:32:52,0.02,0.0545,14.0,157.0,799.0,1060.0
2022-06-28 17:33:53,0.02,0.0545,13.0,157.0,799.0,1060.0
2022-06-28 17:34:54,0.02,0.0545,14.0,157.0,800.0,1060.0
2022-06-28 17:35:54,0.02,0.0545,13.0,157.0,799.0,1060.0
2022-06-28 17:36:55,0.02,0.0545,13.0,157.0,799.0,1060.0
2022-06-28 17:37:56,0.02,0.0545,13.0,158.0,800.0,1060.0
2022-06-28 17:38:57,0.02,0.0545,14.0,157.0,799.0,1060.0
2022-06-28 17:39:57,0.02,0.0545,13.0,157.0,799.0,1060.0
2022-06-28 17:40:58,0.02,0.0545,13.0,158.0,799.0,1060.0
2022-06-28 17:41:59,0.02,0.0545,14.0,157.0,799.0,1060.0
2022-06-28 17:43:00,0.02,0.0545,13.0,158.0,799.0,1060.0
2022-06-28 17:44:01,0.02,0.0545,13.0,158.0,799.0,1060.0
2022-06-28 17:45:01,0.02,0.0545,14.0,157.0,799.0,1060.0
2022-06-28 17:46:02,0.02,0.0547,14.0,158.0,800.0,1060.0
2022-06-28 17:47:03,0.02,0.0547,13.0,157.0,799.0,1060.0
2022-06-28 17:48:04,0.02,0.0548,13.0,157.0,800.0,1060.0
2022-06-28 17:49:04,0.02,0.0549,14.0,157.0,799.0,1060.0
2022-06-28 17:50:05,0.02,0.055,14.0,158.0,799.0,1060.0
2022-06-28 17:51:06,0.02,0.055,14.0,157.0,799.0,1060.0
2022-06-28 17:52:07,0.02,0.0549,13.0,157.0,798.0,1060.0
2022-06-28 17:53:07,0.02,0.0549,14.0,157.0,800.0,1060.0
2022-06-28 17:54:08,0.02,0.0549,14.0,157.0,800.0,1060.0
2022-06-28 17:55:09,0.02,0.0549,13.0,157.0,799.0,1060.0
2022-06-28 17:56:10,0.02,0.0549,13.0,158.0,799.0,1060.0
2022-06-28 17:57:10,0.02,0.0548,13.0,157.0,800.0,1060.0
2022-06-28 17:58:11,0.02,0.0548,13.0,157.0,799.0,1060.0
2022-06-28 17:59:12,0.02,0.0548,13.0,157.0,800.0,1060.0
2022-06-28 18:00:12,0.02,0.0548,14.0,157.0,799.0,1060.0
2022-06-28 18:01:13,0.02,0.0549,13.0,157.0,799.0,1060.0
2022-06-28 18:02:14,0.02,0.0548,13.0,157.0,799.0,1060.0
2022-06-28 18:03:15,0.02,0.0548,14.0,157.0,800.0,1060.0
2022-06-28 18:04:16,0.02,0.055,14.0,157.0,799.0,1060.0
2022-06-28 18:05:16,0.02,0.055,13.0,157.0,799.0,1060.0
2022-06-28 18:06:17,0.02,0.0549,14.0,157.0,800.0,1060.0
2022-06-28 18:07:18,0.02,0.0551,14.0,157.0,800.0,1060.0
2022-06-28 18:08:19,0.02,0.0549,13.0,157.0,799.0,1060.0
2022-06-28 18:09:20,0.02,0.055,13.0,157.0,799.0,1060.0
2022-06-28 18:10:20,0.02,0.0549,14.0,157.0,799.0,1060.0
2022-06-28 18:11:21,0.02,0.0549,13.0,157.0,799.0,1060.0
2022-06-28 18:12:22,0.02,0.0549,14.0,158.0,799.0,1060.0
2022-06-28 18:13:23,0.02,0.0549,14.0,157.0,799.0,1060.0
2022-06-28 18:14:23,0.02,0.055,13.0,157.0,800.0,1060.0
2022-06-28 18:15:24,0.02,0.0549,13.0,157.0,799.0,1060.0
2022-06-28 18:16:25,0.02,0.055,14.0,157.0,799.0,1060.0
2022-06-28 18:17:26,0.02,0.0549,14.0,157.0,799.0,1060.0
2022-06-28 18:18:26,0.02,0.0549,13.0,157.0,799.0,1060.0
2022-06-28 18:19:27,0.02,0.0549,14.0,158.0,800.0,1060.0
2022-06-28 18:20:28,0.02,0.0549,13.0,157.0,799.0,1060.0
2022-06-28 18:21:28,0.02,0.0549,14.0,158.0,799.0,1060.0
2022-06-28 18:22:29,0.02,0.0549,14.0,157.0,799.0,1060.0
2022-06-28 18:23:30,0.02,0.0549,14.0,157.0,799.0,1060.0
2022-06-28 18:24:30,0.02,0.0551,14.0,158.0,799.0,1060.0
2022-06-28 18:25:31,0.02,0.055,13.0,157.0,799.0,1060.0
2022-06-28 18:26:32,0.02,0.0551,13.0,157.0,800.0,1060.0
2022-06-28 18:27:33,0.02,0.0551,14.0,157.0,799.0,1060.0
2022-06-28 18:28:34,0.02,0.0551,14.0,157.0,800.0,1060.0
2022-06-28 18:29:34,0.02,0.0551,14.0,158.0,800.0,1060.0
2022-06-28 18:30:35,0.02,0.0551,13.0,158.0,799.0,1060.0
2022-06-28 18:31:36,0.02,0.0551,14.0,157.0,799.0,1060.0
2022-06-28 18:32:37,0.02,0.0551,14.0,157.0,800.0,1060.0
2022-06-28 18:33:37,0.02,0.0551,14.0,157.0,799.0,1060.0
2022-06-28 18:34:38,0.02,0.055,14.0,157.0,799.0,1060.0
2022-06-28 18:35:39,0.02,0.0551,14.0,157.0,800.0,1060.0
2022-06-28 18:36:39,0.02,0.0551,14.0,157.0,800.0,1060.0
2022-06-28 18:37:40,0.02,0.0551,14.0,157.0,800.0,1060.0
2022-06-28 18:38:41,0.02,0.0551,13.0,157.0,799.0,1060.0
2022-06-28 18:39:41,0.02,0.0551,14.0,157.0,799.0,1060.0
2022-06-28 18:40:42,0.02,0.0551,13.0,157.0,800.0,1060.0
2022-06-28 18:41:43,0.02,0.0551,13.0,158.0,800.0,1060.0
2022-06-28 18:42:44,0.02,0.0551,14.0,157.0,799.0,1060.0
2022-06-28 18:43:44,0.02,0.0552,14.0,157.0,799.0,1060.0
2022-06-28 18:44:45,0.02,0.0553,14.0,157.0,799.0,1060.0
2022-06-28 18:45:46,0.02,0.0553,14.0,158.0,800.0,1060.0
2022-06-28 18:46:46,0.02,0.0552,14.0,157.0,800.0,1060.0
2022-06-28 18:47:47,0.02,0.0552,14.0,158.0,800.0,1060.0
2022-06-28 18:48:48,0.02,0.0553,13.0,157.0,800.0,1060.0
2022-06-28 18:49:49,0.02,0.0552,14.0,157.0,799.0,1060.0
2022-06-28 18:50:49,0.02,0.0552,13.0,158.0,799.0,1060.0
2022-06-28 18:51:50,0.02,0.0552,14.0,157.0,799.0,1060.0
2022-06-28 18:52:51,0.02,0.0551,14.0,158.0,799.0,1060.0
2022-06-28 18:53:52,0.02,0.0551,13.0,157.0,800.0,1060.0
2022-06-28 18:54:52,0.02,0.0551,14.0,158.0,799.0,1060.0
2022-06-28 18:55:53,0.02,0.0551,14.0,157.0,799.0,1060.0
2022-06-28 18:56:54,0.02,0.0551,14.0,157.0,799.0,1060.0
2022-06-28 18:57:55,0.02,0.0552,14.0,157.0,799.0,1060.0
2022-06-28 18:58:56,0.02,0.0553,14.0,158.0,799.0,1060.0
2022-06-28 18:59:56,0.02,0.0552,13.0,157.0,799.0,1060.0
2022-06-28 19:00:57,0.02,0.0554,14.0,157.0,799.0,1060.0
2022-06-28 19:01:58,0.02,0.0553,14.0,158.0,799.0,1060.0
2022-06-28 19:02:58,0.02,0.0554,14.0,157.0,799.0,1060.0
2022-06-28 19:03:59,0.02,0.0554,13.0,157.0,800.0,1060.0
2022-06-28 19:05:00,0.02,0.0554,14.0,157.0,799.0,1060.0
2022-06-28 19:06:00,0.02,0.0554,13.0,158.0,800.0,1060.0
2022-06-28 19:07:01,0.02,0.0554,13.0,157.0,799.0,1060.0
2022-06-28 19:08:02,0.02,0.0554,14.0,157.0,800.0,1060.0
2022-06-28 19:09:03,0.02,0.0553,13.0,158.0,799.0,1060.0
2022-06-28 19:10:04,0.02,0.0554,14.0,157.0,799.0,1060.0
2022-06-28 19:11:04,0.02,0.0554,14.0,158.0,800.0,1060.0
2022-06-28 19:12:05,0.02,0.0554,14.0,158.0,799.0,1060.0
2022-06-28 19:13:06,0.02,0.0554,13.0,157.0,800.0,1060.0
2022-06-28 19:14:06,0.02,0.0554,13.0,157.0,799.0,1060.0
2022-06-28 19:15:07,0.02,0.0554,14.0,157.0,799.0,1060.0
2022-06-28 19:16:08,0.02,0.0553,14.0,157.0,799.0,1060.0
2022-06-28 19:17:09,0.02,0.0554,13.0,157.0,799.0,1060.0
2022-06-28 19:18:09,0.02,0.0553,14.0,157.0,799.0,1060.0
2022-06-28 19:19:10,0.02,0.0553,14.0,157.0,800.0,1060.0
2022-06-28 19:20:11,0.02,0.0554,14.0,157.0,799.0,1060.0
2022-06-28 19:21:12,0.02,0.0553,14.0,157.0,799.0,1060.0
2022-06-28 19:22:12,0.02,0.0555,14.0,158.0,799.0,1060.0
2022-06-28 19:23:13,0.02,0.0555,14.0,157.0,799.0,1060.0
2022-06-28 19:24:14,0.02,0.0554,14.0,158.0,799.0,1060.0
2022-06-28 19:25:15,0.02,0.0554,13.0,157.0,800.0,1060.0
2022-06-28 19:26:15,0.02,0.0553,14.0,157.0,800.0,1060.0
2022-06-28 19:27:16,0.02,0.0554,13.0,157.0,799.0,1060.0
2022-06-28 19:28:17,0.02,0.0554,14.0,157.0,800.0,1060.0
2022-06-28 19:29:18,0.02,0.0554,14.0,157.0,800.0,1060.0
2022-06-28 19:30:19,0.02,0.0554,14.0,158.0,799.0,1060.0
2022-06-28 19:31:19,0.02,0.0554,13.0,158.0,799.0,1060.0
2022-06-28 19:32:20,0.02,0.0553,14.0,157.0,800.0,1060.0
2022-06-28 19:33:21,0.02,0.0554,14.0,157.0,799.0,1060.0
2022-06-28 19:34:22,0.02,0.0554,14.0,157.0,799.0,1060.0
2022-06-28 19:35:22,0.02,0.0555,14.0,158.0,800.0,1060.0
2022-06-28 19:36:23,0.02,0.0554,14.0,157.0,799.0,1060.0
2022-06-28 19:37:24,0.02,0.0555,14.0,157.0,800.0,1060.0
2022-06-28 19:38:25,0.02,0.0555,14.0,157.0,800.0,1060.0
2022-06-28 19:39:25,0.02,0.0557,14.0,157.0,799.0,1060.0
2022-06-28 19:40:26,0.02,0.0557,14.0,157.0,799.0,1060.0
2022-06-28 19:41:27,0.02,0.0557,14.0,158.0,800.0,1060.0
2022-06-28 19:42:28,0.02,0.0557,14.0,157.0,800.0,1060.0
2022-06-28 19:43:28,0.02,0.0557,14.0,157.0,799.0,1060.0
2022-06-28 19:44:29,0.02,0.0557,14.0,157.0,800.0,1060.0
2022-06-28 19:45:30,0.02,0.0557,14.0,157.0,799.0,1060.0
2022-06-28 19:46:31,0.02,0.0557,14.0,157.0,799.0,1060.0
2022-06-28 19:47:31,0.02,0.0557,14.0,157.0,799.0,1060.0
2022-06-28 19:48:32,0.02,0.0556,14.0,157.0,799.0,1060.0
2022-06-28 19:49:33,0.02,0.0555,13.0,157.0,799.0,1060.0
2022-06-28 19:50:34,0.02,0.0556,14.0,157.0,799.0,1060.0
2022-06-28 19:51:35,0.02,0.0556,13.0,158.0,800.0,1060.0
2022-06-28 19:52:35,0.02,0.0557,14.0,158.0,799.0,1060.0
2022-06-28 19:53:36,0.02,0.0557,14.0,157.0,799.0,1060.0
2022-06-28 19:54:37,0.02,0.0557,14.0,157.0,800.0,1060.0
2022-06-28 19:55:38,0.02,0.0558,14.0,157.0,800.0,1060.0
2022-06-28 19:56:38,0.02,0.0557,14.0,158.0,800.0,1060.0
2022-06-28 19:57:39,0.02,0.0557,14.0,158.0,800.0,1060.0
2022-06-28 19:58:40,0.02,0.0557,14.0,157.0,799.0,1060.0
2022-06-28 19:59:40,0.02,0.0557,14.0,158.0,799.0,1060.0
2022-06-28 20:00:41,0.02,0.0558,14.0,158.0,800.0,1060.0
2022-06-28 20:01:42,0.02,0.0558,14.0,157.0,800.0,1060.0
2022-06-28 20:02:43,0.02,0.0557,14.0,157.0,800.0,1060.0
2022-06-28 20:03:43,0.02,0.0558,14.0,157.0,800.0,1060.0
2022-06-28 20:04:44,0.02,0.0557,14.0,157.0,799.0,1060.0
2022-06-28 20:05:45,0.02,0.0557,14.0,157.0,800.0,1060.0
2022-06-28 20:06:46,0.02,0.0559,14.0,158.0,800.0,1060.0
2022-06-28 20:07:46,0.02,0.0558,14.0,158.0,800.0,1060.0
2022-06-28 20:08:47,0.02,0.0557,14.0,157.0,799.0,1060.0
2022-06-28 20:09:48,0.02,0.0557,14.0,157.0,800.0,1060.0
2022-06-28 20:10:49,0.02,0.0558,14.0,158.0,799.0,1060.0
2022-06-28 20:11:49,0.02,0.0557,14.0,157.0,799.0,1060.0
2022-06-28 20:12:50,0.02,0.0557,14.0,157.0,800.0,1060.0
2022-06-28 20:13:51,0.02,0.0557,14.0,157.0,799.0,1060.0
2022-06-28 20:14:52,0.02,0.0558,14.0,157.0,799.0,1060.0
2022-06-28 20:15:52,0.02,0.0558,14.0,157.0,799.0,1060.0
2022-06-28 20:16:53,0.02,0.0558,14.0,158.0,799.0,1060.0
2022-06-28 20:17:54,0.02,0.056,14.0,157.0,800.0,1060.0
2022-06-28 20:18:55,0.02,0.056,14.0,158.0,799.0,1060.0
2022-06-28 20:19:55,0.02,0.0561,14.0,157.0,799.0,1060.0
2022-06-28 20:20:56,0.02,0.056,14.0,157.0,799.0,1060.0
2022-06-28 20:21:57,0.02,0.056,14.0,157.0,800.0,1060.0
2022-06-28 20:22:57,0.02,0.056,14.0,157.0,800.0,1060.0
2022-06-28 20:23:58,0.02,0.056,13.0,157.0,800.0,1060.0
2022-06-28 20:24:59,0.02,0.056,14.0,157.0,799.0,1060.0
2022-06-28 20:26:00,0.02,0.0559,13.0,157.0,800.0,1060.0
2022-06-28 20:27:00,0.02,0.0559,14.0,158.0,799.0,1060.0
2022-06-28 20:28:01,0.02,0.0558,14.0,157.0,800.0,1060.0
2022-06-28 20:29:02,0.02,0.0558,13.0,157.0,799.0,1060.0
2022-06-28 20:30:02,0.02,0.056,14.0,157.0,799.0,1060.0
2022-06-28 20:31:03,0.02,0.0559,13.0,157.0,800.0,1060.0
2022-06-28 20:32:04,0.02,0.056,13.0,157.0,799.0,1060.0
2022-06-28 20:33:04,0.02,0.0561,13.0,157.0,800.0,1060.0
2022-06-28 20:34:05,0.02,0.0561,14.0,157.0,799.0,1060.0
2022-06-28 20:35:06,0.02,0.0561,14.0,158.0,800.0,1060.0
2022-06-28 20:36:06,0.02,0.0561,14.0,157.0,799.0,1060.0
2022-06-28 20:37:07,0.02,0.0561,14.0,158.0,800.0,1060.0
2022-06-28 20:38:08,0.02,0.0561,14.0,158.0,800.0,1060.0
2022-06-28 20:39:09,0.02,0.0562,13.0,157.0,799.0,1060.0
2022-06-28 20:40:10,0.02,0.0562,14.0,157.0,799.0,1060.0
2022-06-28 20:41:10,0.02,0.0561,14.0,158.0,800.0,1060.0
2022-06-28 20:42:11,0.02,0.0561,14.0,157.0,799.0,1060.0
2022-06-28 20:43:12,0.02,0.0561,14.0,157.0,799.0,1060.0
2022-06-28 20:44:12,0.02,0.0561,14.0,158.0,799.0,1060.0
2022-06-28 20:45:13,0.02,0.0563,14.0,157.0,799.0,1060.0
2022-06-28 20:46:14,0.02,0.0561,14.0,157.0,799.0,1060.0
2022-06-28 20:47:15,0.02,0.0562,13.0,157.0,799.0,1060.0
2022-06-28 20:48:16,0.02,0.0561,13.0,157.0,799.0,1060.0
2022-06-28 20:49:16,0.02,0.0563,14.0,157.0,799.0,1060.0
2022-06-28 20:50:17,0.02,0.0563,14.0,158.0,800.0,1060.0
2022-06-28 20:51:18,0.02,0.0563,14.0,158.0,799.0,1060.0
2022-06-28 20:52:18,0.02,0.0562,14.0,157.0,799.0,1060.0
2022-06-28 20:53:19,0.02,0.0561,14.0,157.0,800.0,1060.0
2022-06-28 20:54:20,0.02,0.0562,14.0,157.0,799.0,1060.0
2022-06-28 20:55:21,0.02,0.0563,14.0,158.0,799.0,1060.0
2022-06-28 20:56:21,0.02,0.0563,13.0,158.0,799.0,1060.0
2022-06-28 20:57:22,0.02,0.0563,13.0,157.0,800.0,1060.0
2022-06-28 20:58:23,0.02,0.0563,14.0,158.0,799.0,1060.0
2022-06-28 20:59:24,0.02,0.0563,14.0,158.0,799.0,1060.0
2022-06-28 21:00:24,0.02,0.0563,14.0,157.0,800.0,1060.0
2022-06-28 21:01:25,0.02,0.0563,14.0,157.0,799.0,1060.0
2022-06-28 21:02:25,0.02,0.0563,14.0,158.0,799.0,1060.0
2022-06-28 21:03:26,0.02,0.0563,14.0,157.0,799.0,1060.0
2022-06-28 21:04:27,0.02,0.0563,14.0,157.0,800.0,1060.0
2022-06-28 21:05:27,0.02,0.0562,14.0,157.0,800.0,1060.0
2022-06-28 21:06:28,0.02,0.0563,14.0,158.0,799.0,1060.0
2022-06-28 21:07:29,0.02,0.0563,14.0,157.0,799.0,1060.0
2022-06-28 21:08:29,0.02,0.0562,14.0,158.0,799.0,1060.0
2022-06-28 21:09:30,0.02,0.0563,14.0,158.0,800.0,673.0
2022-06-28 21:10:31,0.02,0.0563,14.0,157.0,799.0,370.0
2022-06-28 21:11:32,0.02,0.0563,14.0,158.0,800.0,203.0
2022-06-28 21:12:33,0.02,0.0564,14.0,158.0,799.0,112.0
2022-06-28 21:13:33,0.02,0.0565,14.0,157.0,800.0,61.2
2022-06-28 21:14:34,0.02,0.0566,14.0,158.0,800.0,33.6
2022-06-28 21:15:35,0.02,0.0567,14.0,158.0,800.0,19.2
2022-06-28 21:16:36,0.02,0.0566,14.0,158.0,799.0,11.6
2022-06-28 21:17:36,0.02,0.0566,14.0,158.0,799.0,7.93
2022-06-28 21:18:37,0.02,0.0565,14.0,158.0,800.0,5.65
2022-06-28 21:19:38,0.02,0.0567,14.0,158.0,799.0,4.3
2022-06-28 21:20:38,0.02,0.0565,14.0,158.0,799.0,3.45
2022-06-28 21:21:39,0.02,0.0565,14.0,158.0,800.0,2.92
2022-06-28 21:22:40,0.02,0.0565,13.0,158.0,800.0,2.49
2022-06-28 21:23:41,0.02,0.0565,14.0,158.0,800.0,2.21
2022-06-28 21:24:41,0.02,0.0565,13.0,158.0,799.0,1.97
2022-06-28 21:25:42,0.02,0.0566,14.0,158.0,799.0,1.76
2022-06-28 21:26:43,0.02,0.0565,14.0,158.0,799.0,1.63
2022-06-28 21:27:44,0.02,0.0565,13.0,158.0,799.0,1.51
2022-06-28 21:28:44,0.02,0.0567,13.0,158.0,800.0,1.41
2022-06-28 21:29:45,0.02,0.0566,14.0,158.0,801.0,1.31
2022-06-28 21:30:46,0.02,0.0566,14.0,158.0,800.0,1.24
2022-06-28 21:31:47,1.07,0.0568,13.0,158.0,799.0,1.18
2022-06-28 21:32:47,1.02,0.0568,13.0,158.0,800.0,1.13
2022-06-28 21:33:48,0.98,0.0568,14.0,158.0,799.0,1.08
2022-06-28 21:34:49,0.9640000000000001,0.0568,13.0,158.0,799.0,1.07
2022-06-28 21:35:50,0.867,0.0568,14.0,158.0,799.0,0.95
2022-06-28 21:36:51,0.365,0.0567,14.0,158.0,799.0,0.365
2022-06-28 21:37:52,0.13,0.0568,13.0,158.0,801.0,0.089
2022-06-28 21:38:53,0.111,0.0568,14.0,158.0,800.0,0.0726
2022-06-28 21:39:54,0.102,0.0567,14.0,158.0,800.0,0.0652
2022-06-28 21:40:55,0.0938,0.0568,14.0,158.0,800.0,0.0601
2022-06-28 21:41:56,0.0885,0.0568,14.0,158.0,800.0,0.0564
2022-06-28 21:42:57,0.0845,0.0568,14.0,158.0,799.0,0.0538
2022-06-28 21:43:58,0.081,0.0568,14.0,158.0,799.0,0.0514
2022-06-28 21:44:58,0.0785,0.0568,13.0,158.0,799.0,0.0495
2022-06-28 21:45:59,0.0761,0.0568,13.0,158.0,799.0,0.0479
2022-06-28 21:47:00,0.0745,0.0568,14.0,158.0,799.0,0.0466
2022-06-28 21:48:02,0.0729,0.057,14.0,158.0,799.0,0.0457
2022-06-28 21:49:03,0.0714,0.057,13.0,158.0,799.0,0.0445
2022-06-28 21:50:04,0.0703,0.0571,13.0,158.0,800.0,0.0437
2022-06-28 21:51:05,0.069,0.0571,13.0,158.0,799.0,0.0428
2022-06-28 21:52:05,0.0679,0.0571,14.0,158.0,800.0,0.0421
2022-06-28 21:53:07,0.0671,0.0572,13.0,158.0,799.0,0.0416
2022-06-28 21:54:07,0.0661,0.0571,13.0,158.0,800.0,0.0411
2022-06-28 21:55:08,0.0655,0.0572,14.0,158.0,799.0,0.0404
2022-06-28 21:56:10,0.0648,0.0572,13.0,158.0,799.0,0.0399
2022-06-28 21:57:11,0.0643,0.0571,13.0,158.0,799.0,0.0393
2022-06-28 21:58:11,0.0638,0.0571,14.0,158.0,800.0,0.0387
2022-06-28 21:59:13,0.0631,0.0571,13.0,158.0,799.0,0.0384
2022-06-28 22:00:13,0.0622,0.0572,14.0,158.0,800.0,0.0379
2022-06-28 22:01:15,0.0615,0.0571,13.0,158.0,800.0,0.0375
2022-06-28 22:02:16,0.0606,0.0571,14.0,158.0,799.0,0.037
2022-06-28 22:03:17,0.06,0.0572,13.0,158.0,800.0,0.0367
2022-06-28 22:04:17,0.0593,0.0572,14.0,158.0,799.0,0.0362
2022-06-28 22:05:18,0.0588,0.0572,14.0,158.0,800.0,0.0358
2022-06-28 22:06:19,0.0583,0.0572,13.0,158.0,799.0,0.0354
2022-06-28 22:07:20,0.0577,0.0572,14.0,158.0,799.0,0.0351
2022-06-28 22:08:21,0.0571,0.0572,14.0,158.0,799.0,0.0347
2022-06-28 22:09:22,0.0568,0.0573,13.0,158.0,799.0,0.0344
2022-06-28 22:10:23,0.0561,0.0575,14.0,158.0,799.0,0.0341
2022-06-28 22:11:24,0.0559,0.0575,14.0,158.0,800.0,0.0338
2022-06-28 22:12:25,0.0556,0.0575,14.0,158.0,802.0,0.0335
2022-06-28 22:13:26,0.055,0.0575,14.0,158.0,800.0,0.0332
2022-06-28 22:14:27,0.0548,0.0575,14.0,158.0,800.0,0.033
2022-06-28 22:15:28,0.0543,0.0575,14.0,158.0,800.0,0.0327
2022-06-28 22:16:29,0.0541,0.0574,14.0,158.0,800.0,0.0324
2022-06-28 22:17:30,0.0536,0.0574,14.0,158.0,800.0,0.0322
2022-06-28 22:18:31,0.0531,0.0574,14.0,158.0,800.0,0.032
2022-06-28 22:19:32,0.0528,0.0576,14.0,158.0,800.0,0.0318
2022-06-28 22:20:33,0.0525,0.0575,14.0,158.0,800.0,0.0316
2022-06-28 22:21:34,0.052,0.0575,14.0,158.0,801.0,0.0313
2022-06-28 22:22:35,0.0517,0.0576,14.0,158.0,800.0,0.0311
2022-06-28 22:23:36,0.0514,0.0577,14.0,158.0,800.0,0.0309
2022-06-28 22:24:37,0.051,0.0577,14.0,158.0,800.0,0.0306
2022-06-28 22:25:38,0.0508,0.0577,14.0,158.0,800.0,0.0305
2022-06-28 22:26:39,0.0504,0.0577,14.0,158.0,801.0,0.0301
2022-06-28 22:27:40,0.05,0.0577,14.0,158.0,800.0,0.03
2022-06-28 22:28:40,0.0498,0.0577,14.0,158.0,800.0,0.0298
2022-06-28 22:29:41,0.0495,0.0577,14.0,158.0,800.0,0.0296
2022-06-28 22:30:42,0.0493,0.0578,14.0,158.0,800.0,0.0294
2022-06-28 22:31:43,0.0489,0.0577,14.0,158.0,799.0,0.0292
2022-06-28 22:32:44,0.0486,0.0577,14.0,158.0,800.0,0.0291
2022-06-28 22:33:45,0.0484,0.0577,14.0,158.0,800.0,0.029
2022-06-28 22:34:45,0.0482,0.0577,14.0,158.0,800.0,0.0288
2022-06-28 22:35:46,0.048,0.0577,14.0,158.0,800.0,0.0287
2022-06-28 22:36:47,0.0478,0.0577,14.0,158.0,800.0,0.0286
2022-06-28 22:37:48,0.0476,0.0577,14.0,158.0,802.0,0.0284
2022-06-28 22:38:49,0.0474,0.0577,14.0,158.0,800.0,0.0283
2022-06-28 22:39:50,0.0471,0.0578,14.0,158.0,800.0,0.028
2022-06-28 22:40:51,0.0469,0.0578,14.0,158.0,800.0,0.0279
2022-06-28 22:41:52,0.0467,0.0578,14.0,158.0,801.0,0.0277
2022-06-28 22:42:53,0.0465,0.058,14.0,158.0,800.0,0.0276
2022-06-28 22:43:54,0.0462,0.0581,14.0,158.0,801.0,0.0274
2022-06-28 22:44:55,0.046,0.0581,14.0,158.0,800.0,0.0272
2022-06-28 22:45:56,0.0459,0.0582,14.0,158.0,800.0,0.0271
2022-06-28 22:46:57,0.0457,0.0581,14.0,158.0,801.0,0.0269
2022-06-28 22:47:57,0.0454,0.0581,14.0,158.0,800.0,0.0268
2022-06-28 22:48:58,0.0452,0.0581,14.0,158.0,801.0,0.0266
2022-06-28 22:50:00,0.0449,0.0581,14.0,158.0,800.0,0.0265
2022-06-28 22:51:00,0.0447,0.0581,14.0,158.0,800.0,0.0265
2022-06-28 22:52:01,0.0445,0.0581,14.0,158.0,802.0,0.0262
2022-06-28 22:53:02,0.0444,0.0582,14.0,158.0,800.0,0.0261
2022-06-28 22:54:03,0.0442,0.0581,14.0,158.0,800.0,0.026
2022-06-28 22:55:04,0.044,0.0581,14.0,158.0,802.0,0.0258
2022-06-28 22:56:05,0.0439,0.0582,14.0,158.0,802.0,0.0257
2022-06-28 22:57:05,0.0437,0.0582,14.0,158.0,802.0,0.0255
2022-06-28 22:58:06,0.0436,0.0582,14.0,158.0,802.0,0.0254
2022-06-28 22:59:07,0.0433,0.0582,14.0,158.0,802.0,0.0254
2022-06-28 23:00:08,0.0432,0.0582,14.0,158.0,801.0,0.0251
2022-06-28 23:01:09,0.043,0.0581,14.0,158.0,803.0,0.025
2022-06-28 23:02:10,0.0429,0.0583,14.0,158.0,801.0,0.0249
2022-06-28 23:03:11,0.0427,0.0582,14.0,158.0,802.0,0.0248
2022-06-28 23:04:12,0.0425,0.0583,14.0,158.0,802.0,0.0246
2022-06-28 23:05:13,0.0424,0.0585,14.0,158.0,803.0,0.0246
2022-06-28 23:06:14,0.0423,0.0586,14.0,158.0,801.0,0.0244
2022-06-28 23:07:15,0.042,0.0586,14.0,158.0,802.0,0.0243
2022-06-28 23:08:15,0.0419,0.0585,14.0,158.0,802.0,0.0242
2022-06-28 23:09:16,0.0417,0.0586,15.0,158.0,801.0,0.0241
2022-06-28 23:10:17,0.0415,0.0587,14.0,158.0,801.0,0.024
2022-06-28 23:11:18,0.0414,0.0585,15.0,158.0,802.0,0.0239
2022-06-28 23:12:19,0.0412,0.0586,14.0,158.0,801.0,0.0238
2022-06-28 23:13:20,0.122,0.0586,15.0,158.0,802.0,0.00256
2022-06-28 23:14:21,0.156,0.0586,14.0,158.0,802.0,0.00412
2022-06-28 23:15:22,0.188,0.0586,14.0,158.0,803.0,0.0054600000000000004
2022-06-28 23:16:23,0.21899999999999997,0.0586,14.0,157.0,802.0,0.00673
2022-06-28 23:17:23,0.242,0.0585,14.0,158.0,802.0,0.00799
2022-06-28 23:18:24,0.265,0.0586,15.0,158.0,802.0,0.00914
2022-06-28 23:19:25,0.29100000000000004,0.0586,14.0,157.0,802.0,0.0103
2022-06-28 23:20:26,0.315,0.0587,15.0,158.0,802.0,0.0115
2022-06-28 23:21:27,0.341,0.0586,15.0,158.0,802.0,0.0127
2022-06-28 23:22:28,0.366,0.0586,14.0,157.0,802.0,0.0138
2022-06-28 23:23:29,0.395,0.0586,15.0,157.0,801.0,0.0151
2022-06-28 23:24:30,0.42,0.0587,14.0,158.0,801.0,0.0163
2022-06-28 23:25:31,0.442,0.0587,14.0,157.0,800.0,0.0174
2022-06-28 23:26:31,1000.0,0.0587,14.0,157.0,801.0,409.0
2022-06-28 23:27:32,1000.0,0.0587,15.0,158.0,801.0,868.0
2022-06-28 23:28:33,1000.0,0.0587,15.0,157.0,801.0,1060.0
2022-06-28 23:29:34,1000.0,0.0587,15.0,158.0,801.0,1060.0
2022-06-28 23:30:35,1000.0,0.0587,15.0,158.0,802.0,1060.0
2022-06-28 23:31:35,1000.0,0.0587,15.0,158.0,802.0,1060.0
2022-06-28 23:32:36,1000.0,0.0587,15.0,158.0,800.0,1060.0
2022-06-28 23:33:37,1000.0,0.0587,14.0,157.0,802.0,1060.0
2022-06-28 23:34:38,1000.0,0.0587,15.0,157.0,800.0,1060.0
2022-06-28 23:35:39,1000.0,0.0587,14.0,157.0,800.0,1060.0
2022-06-28 23:36:39,1000.0,0.0587,15.0,157.0,801.0,1070.0
2022-06-28 23:37:40,1000.0,0.0587,14.0,157.0,800.0,1070.0
2022-06-28 23:38:41,1000.0,0.0587,15.0,157.0,802.0,911.0
2022-06-28 23:39:42,1000.0,0.0587,15.0,158.0,802.0,518.0
2022-06-28 23:40:43,566.0,0.0587,14.0,158.0,802.0,293.0
2022-06-28 23:41:44,202.0,0.0588,15.0,158.0,803.0,165.0
2022-06-28 23:42:45,0.02,0.0588,14.0,158.0,802.0,93.2
2022-06-28 23:43:46,0.02,0.059,15.0,158.0,803.0,52.4
2022-06-28 23:44:46,0.02,0.0589,15.0,158.0,802.0,29.7
2022-06-28 23:45:47,0.02,0.059,14.0,158.0,804.0,17.2
2022-06-28 23:46:48,0.02,0.059,15.0,158.0,802.0,10.5
2022-06-28 23:47:48,0.02,0.0589,14.0,158.0,802.0,6.68
2022-06-28 23:48:49,0.02,0.0589,15.0,158.0,803.0,4.19
2022-06-28 23:49:50,0.02,0.0588,14.0,158.0,803.0,2.85
2022-06-28 23:50:50,0.02,0.0588,15.0,158.0,803.0,2.06
2022-06-28 23:51:51,0.02,0.0587,15.0,158.0,803.0,1.58
2022-06-28 23:52:52,0.02,0.0588,14.0,158.0,803.0,1.26
2022-06-28 23:53:53,0.02,0.0588,15.0,158.0,803.0,1.08
2022-06-28 23:54:53,0.02,0.0589,14.0,158.0,803.0,0.934
2022-06-28 23:55:54,0.02,0.0588,15.0,158.0,803.0,0.84
2022-06-28 23:56:55,0.684,0.059,15.0,158.0,803.0,0.7759999999999999
2022-06-28 23:57:56,0.6409999999999999,0.059,14.0,158.0,802.0,0.7240000000000001
2022-06-28 23:58:57,0.637,0.059,14.0,158.0,802.0,0.718
2022-06-28 23:59:58,0.41600000000000004,0.0591,14.0,158.0,802.0,0.436
2022-06-29 00:00:59,0.11,0.0591,15.0,158.0,801.0,0.0722
2022-06-29 00:01:59,0.0824,0.0591,14.0,158.0,802.0,0.0527
2022-06-29 00:03:00,0.0726,0.0591,15.0,158.0,802.0,0.0454
2022-06-29 00:04:01,0.0662,0.059,15.0,158.0,800.0,0.0413
2022-06-29 00:05:02,0.0623,0.0591,15.0,158.0,803.0,0.0379
2022-06-29 00:06:03,0.0583,0.0591,14.0,158.0,800.0,0.0355
2022-06-29 00:07:04,0.0555,0.059,15.0,158.0,802.0,0.0336
2022-06-29 00:08:05,0.0534,0.059,14.0,158.0,801.0,0.0321
2022-06-29 00:09:06,0.0515,0.0591,14.0,158.0,802.0,0.0309
2022-06-29 00:10:07,0.0499,0.0591,15.0,158.0,802.0,0.0299
2022-06-29 00:11:08,0.0487,0.0592,15.0,158.0,802.0,0.0291
2022-06-29 00:12:09,0.0477,0.0591,15.0,158.0,801.0,0.0284
2022-06-29 00:13:10,0.0468,0.0591,15.0,158.0,800.0,0.0278
2022-06-29 00:14:11,0.0459,0.059,14.0,158.0,802.0,0.0272
2022-06-29 00:15:12,0.0452,0.0591,15.0,158.0,801.0,0.0266
2022-06-29 00:16:12,0.0445,0.059,15.0,158.0,802.0,0.0261
2022-06-29 00:17:14,0.044,0.0592,14.0,158.0,801.0,0.0257
2022-06-29 00:18:15,0.0434,0.0593,14.0,158.0,802.0,0.0254
2022-06-29 00:19:15,0.0429,0.0593,15.0,158.0,802.0,0.0249
2022-06-29 00:20:16,0.0423,0.0594,14.0,158.0,802.0,0.0244
2022-06-29 00:21:17,0.0416,0.0595,13.0,158.0,801.0,0.024
2022-06-29 00:22:18,0.0411,0.0596,12.0,158.0,801.0,0.0237
2022-06-29 00:23:19,0.0405,0.0595,11.0,158.0,801.0,0.0234
2022-06-29 00:24:20,0.04,0.0596,10.0,158.0,801.0,0.0232
2022-06-29 00:25:21,0.0316,0.0595,9.0,158.0,803.0,0.0181
2022-06-29 00:26:22,0.0172,0.0596,9.0,158.0,801.0,0.00893
2022-06-29 00:27:23,0.009890000000000001,0.0595,8.0,158.0,803.0,0.00447
2022-06-29 00:28:24,0.0058200000000000005,0.0596,7.0,158.0,803.0,0.0026
2022-06-29 00:29:25,0.00386,0.0596,7.0,158.0,802.0,0.0017
2022-06-29 00:30:26,0.00262,0.0595,6.0,158.0,801.0,0.00117
2022-06-29 00:31:27,0.0018899999999999998,0.0595,5.0,158.0,800.0,0.0008300000000000001
2022-06-29 00:32:28,0.0014,0.0595,4.0,158.0,802.0,0.000661
2022-06-29 00:33:29,0.00107,0.0596,4.0,158.0,803.0,0.00055
2022-06-29 00:34:30,0.0008789999999999999,0.0595,4.0,158.0,802.0,0.0005009999999999999
2022-06-29 00:35:31,0.000752,0.0596,3.0,158.0,804.0,0.0005009999999999999
2022-06-29 00:36:32,0.000665,0.0595,2.0,158.0,803.0,0.0005009999999999999
2022-06-29 00:37:33,0.00058,0.0594,2.0,158.0,802.0,0.0005009999999999999
2022-06-29 00:38:34,0.0005099999999999999,0.0595,1.0,158.0,803.0,0.0005009999999999999
2022-06-29 00:39:35,0.000463,0.0595,1.0,158.0,803.0,0.0005009999999999999
2022-06-29 00:40:36,0.00043099999999999996,0.0595,1.0,158.0,803.0,0.0005009999999999999
2022-06-29 00:41:37,0.000404,0.0595,0.0,158.0,803.0,0.0005009999999999999
2022-06-29 00:42:38,0.00038500000000000003,0.0594,0.0,158.0,801.0,0.0005009999999999999
2022-06-29 00:43:38,0.000368,0.0594,-1.0,158.0,803.0,0.0005009999999999999
2022-06-29 00:44:39,0.000354,0.0594,-1.0,158.0,803.0,0.0005009999999999999
2022-06-29 00:45:40,0.000343,0.0593,-1.0,158.0,802.0,0.0005009999999999999
2022-06-29 00:46:41,0.000332,0.0595,-2.0,158.0,802.0,0.0005009999999999999
2022-06-29 00:47:42,0.000323,0.0594,-2.0,158.0,803.0,0.0005009999999999999
2022-06-29 00:48:43,0.00031600000000000004,0.0595,-2.0,158.0,802.0,0.0005009999999999999
2022-06-29 00:49:44,0.000309,0.0594,-2.0,158.0,803.0,0.0005009999999999999
2022-06-29 00:50:45,0.000303,0.0594,-2.0,158.0,803.0,0.0005009999999999999
2022-06-29 00:51:46,0.000298,0.0594,-2.0,158.0,803.0,0.0005009999999999999
2022-06-29 00:52:47,0.000292,0.0594,-3.0,158.0,804.0,0.0005009999999999999
2022-06-29 00:53:48,0.00028700000000000004,0.0594,-3.0,158.0,804.0,0.0005009999999999999
2022-06-29 00:54:49,0.00028,0.0595,-3.0,158.0,803.0,0.0005009999999999999
2022-06-29 00:55:50,0.00027400000000000005,0.0595,-3.0,158.0,803.0,0.0005009999999999999
2022-06-29 00:56:51,0.000269,0.0595,-3.0,158.0,803.0,0.0005009999999999999
2022-06-29 00:57:52,0.000265,0.0594,-4.0,158.0,804.0,0.0005009999999999999
2022-06-29 00:58:53,0.000261,0.0594,-4.0,158.0,803.0,0.0005009999999999999
2022-06-29 00:59:54,0.000258,0.0594,-3.0,158.0,803.0,0.0005009999999999999
2022-06-29 01:00:55,0.00025299999999999997,0.0595,-3.0,158.0,803.0,0.0005009999999999999
2022-06-29 01:01:56,0.00025,0.0595,-4.0,158.0,804.0,0.0005009999999999999
2022-06-29 01:02:57,0.000246,0.0596,-4.0,158.0,803.0,0.0005009999999999999
2022-06-29 01:03:58,0.000244,0.0596,-4.0,158.0,803.0,0.0005009999999999999
2022-06-29 01:04:59,0.00023999999999999998,0.0595,-4.0,158.0,803.0,0.0005009999999999999
2022-06-29 01:06:00,0.00023700000000000001,0.0595,-4.0,158.0,804.0,0.0005009999999999999
2022-06-29 01:07:01,0.000234,0.0595,-4.0,158.0,804.0,0.0005009999999999999
2022-06-29 01:08:03,0.000233,0.0595,-4.0,158.0,803.0,0.0005009999999999999
2022-06-29 01:09:04,0.000229,0.0595,-4.0,158.0,803.0,0.0005009999999999999
2022-06-29 01:10:05,0.000227,0.0596,-4.0,158.0,803.0,0.0005009999999999999
2022-06-29 01:11:06,0.00022400000000000002,0.0596,-4.0,158.0,803.0,0.0005009999999999999
2022-06-29 01:12:07,0.00022200000000000003,0.0596,-4.0,158.0,804.0,0.0005009999999999999
2022-06-29 01:13:08,0.00021899999999999998,0.0595,-4.0,158.0,804.0,0.0005009999999999999
2022-06-29 01:14:09,0.000217,0.0596,-4.0,158.0,803.0,0.0005009999999999999
2022-06-29 01:15:09,0.00021600000000000002,0.0595,-4.0,158.0,803.0,0.0005009999999999999
2022-06-29 01:16:10,0.00021400000000000002,0.0595,-4.0,158.0,803.0,0.0005009999999999999
2022-06-29 01:17:11,0.00021099999999999998,0.0596,-4.0,158.0,803.0,0.0005009999999999999
2022-06-29 01:18:12,0.00020899999999999998,0.0595,-4.0,158.0,803.0,0.0005009999999999999
2022-06-29 01:19:13,0.000207,0.0596,-4.0,158.0,804.0,0.0005009999999999999
2022-06-29 01:20:14,0.000205,0.0596,-4.0,158.0,803.0,0.0005009999999999999
2022-06-29 01:21:15,0.00020299999999999997,0.0596,-4.0,158.0,803.0,0.0005009999999999999
2022-06-29 01:22:16,0.00020099999999999998,0.0595,-4.0,158.0,804.0,0.0005009999999999999
2022-06-29 01:23:17,0.000199,0.0596,-4.0,158.0,804.0,0.0005009999999999999
2022-06-29 01:24:18,0.000197,0.0596,-4.0,158.0,804.0,0.0005009999999999999
2022-06-29 01:25:19,0.000195,0.0595,-4.0,158.0,803.0,0.0005009999999999999
2022-06-29 01:26:20,0.000194,0.0596,-4.0,158.0,804.0,0.0005009999999999999
2022-06-29 01:27:21,0.000193,0.0597,-4.0,158.0,803.0,0.0005009999999999999
2022-06-29 01:28:22,0.00018999999999999998,0.0596,-4.0,158.0,803.0,0.0005009999999999999
2022-06-29 01:29:23,0.00018899999999999999,0.0596,-4.0,158.0,803.0,0.0005009999999999999
2022-06-29 01:30:24,0.000188,0.0596,-4.0,158.0,803.0,0.0005009999999999999
2022-06-29 01:31:25,0.00018600000000000002,0.0596,-4.0,158.0,803.0,0.0005009999999999999
2022-06-29 01:32:26,0.000184,0.0596,-4.0,158.0,803.0,0.0005009999999999999
2022-06-29 01:33:27,0.000182,0.0597,-4.0,158.0,804.0,0.0005009999999999999
2022-06-29 01:34:28,0.000181,0.0599,-4.0,158.0,803.0,0.0005009999999999999
2022-06-29 01:35:28,0.00017900000000000001,0.0598,-4.0,158.0,803.0,0.0005009999999999999
2022-06-29 01:36:29,0.000178,0.0598,-4.0,158.0,803.0,0.0005009999999999999
2022-06-29 01:37:30,0.000176,0.0597,-4.0,158.0,803.0,0.0005009999999999999
2022-06-29 01:38:31,0.000175,0.0597,-4.0,158.0,803.0,0.0005009999999999999
2022-06-29 01:39:32,0.000173,0.0598,-4.0,158.0,803.0,0.0005009999999999999
2022-06-29 01:40:33,0.000171,0.0598,-4.0,158.0,803.0,0.0005009999999999999
2022-06-29 01:41:34,0.000169,0.0599,-4.0,158.0,803.0,0.0005009999999999999
2022-06-29 01:42:35,0.000169,0.06,-4.0,158.0,804.0,0.0005009999999999999
2022-06-29 01:43:36,0.000166,0.06,-4.0,158.0,803.0,0.0005009999999999999
2022-06-29 01:44:37,0.000164,0.06,-4.0,158.0,803.0,0.0005009999999999999
2022-06-29 01:45:38,0.000162,0.0599,-4.0,158.0,803.0,0.0005009999999999999
2022-06-29 01:46:39,0.00016,0.0599,-4.0,158.0,803.0,0.0005009999999999999
2022-06-29 01:47:40,0.00015900000000000002,0.06,-4.0,158.0,803.0,0.0005009999999999999
2022-06-29 01:48:41,0.00015800000000000002,0.06,-4.0,158.0,804.0,0.0005009999999999999
2022-06-29 01:49:42,0.000156,0.06,-4.0,158.0,804.0,0.0005009999999999999
2022-06-29 01:50:43,0.000155,0.06,-4.0,158.0,803.0,0.0005009999999999999
2022-06-29 01:51:44,0.000153,0.06,-4.0,158.0,803.0,0.0005009999999999999
2022-06-29 01:52:45,0.000152,0.06,-4.0,158.0,804.0,0.0005009999999999999
2022-06-29 01:53:46,0.00015,0.06,-4.0,158.0,804.0,0.0005009999999999999
2022-06-29 01:54:47,0.000149,0.0601,-4.0,158.0,803.0,0.0005009999999999999
2022-06-29 01:55:47,0.000148,0.06,-4.0,158.0,803.0,0.0005009999999999999
2022-06-29 01:56:48,0.000147,0.0601,-4.0,158.0,803.0,0.0005009999999999999
2022-06-29 01:57:49,0.000146,0.06,-4.0,158.0,804.0,0.0005009999999999999
2022-06-29 01:58:50,0.000144,0.0601,-4.0,158.0,803.0,0.0005009999999999999
2022-06-29 01:59:51,0.000143,0.0601,-4.0,158.0,803.0,0.0005009999999999999
2022-06-29 02:00:52,0.00014199999999999998,0.0601,-4.0,158.0,803.0,0.0005009999999999999
2022-06-29 02:01:53,0.00014,0.0601,-4.0,158.0,803.0,0.0005009999999999999
2022-06-29 02:02:54,0.000139,0.0601,-4.0,158.0,802.0,0.0005009999999999999
2022-06-29 02:03:55,0.000138,0.0601,-4.0,158.0,803.0,0.0005009999999999999
2022-06-29 02:04:56,0.00013700000000000002,0.0601,-4.0,158.0,804.0,0.0005009999999999999
2022-06-29 02:05:57,0.000136,0.0601,-4.0,158.0,803.0,0.0005009999999999999
2022-06-29 02:06:58,0.000135,0.0601,-4.0,158.0,803.0,0.0005009999999999999
2022-06-29 02:07:59,0.000133,0.06,-4.0,158.0,803.0,0.0005009999999999999
2022-06-29 02:08:59,0.000131,0.0601,-4.0,158.0,803.0,0.0005009999999999999
2022-06-29 02:10:00,0.00013000000000000002,0.0601,-4.0,158.0,803.0,0.0005009999999999999
2022-06-29 02:11:01,0.000129,0.0601,-4.0,158.0,803.0,0.0005009999999999999
2022-06-29 02:12:02,0.000128,0.0602,-4.0,158.0,803.0,0.0005009999999999999
2022-06-29 02:13:03,0.000127,0.0603,-4.0,158.0,803.0,0.0005009999999999999
2022-06-29 02:14:04,0.000125,0.0602,-4.0,158.0,804.0,0.0005009999999999999
2022-06-29 02:15:05,0.000124,0.0603,-4.0,158.0,803.0,0.0005009999999999999
2022-06-29 02:16:06,0.000123,0.0602,-4.0,158.0,803.0,0.0005009999999999999
2022-06-29 02:17:07,0.000121,0.0601,-4.0,158.0,804.0,0.0005009999999999999
2022-06-29 02:18:08,0.00011999999999999999,0.0603,-4.0,158.0,803.0,0.0005009999999999999
2022-06-29 02:19:09,0.00011899999999999999,0.0603,-4.0,158.0,803.0,0.0005009999999999999
2022-06-29 02:20:10,0.000118,0.0604,-4.0,158.0,804.0,0.0005009999999999999
2022-06-29 02:21:11,0.00011599999999999999,0.0604,-4.0,158.0,803.0,0.0005009999999999999
2022-06-29 02:22:12,0.00011499999999999999,0.0604,-4.0,158.0,803.0,0.0005009999999999999
2022-06-29 02:23:13,0.000113,0.0604,-4.0,158.0,804.0,0.0005009999999999999
2022-06-29 02:24:14,0.00011200000000000001,0.0604,-4.0,158.0,804.0,0.0005009999999999999
2022-06-29 02:25:14,0.00011100000000000001,0.0604,-4.0,158.0,804.0,0.0005009999999999999
2022-06-29 02:26:15,0.00011,0.0604,-4.0,158.0,804.0,0.0005009999999999999
2022-06-29 02:27:16,0.00010800000000000001,0.0605,-4.0,158.0,803.0,0.0005009999999999999
2022-06-29 02:28:17,0.00010700000000000001,0.0605,-4.0,158.0,803.0,0.0005009999999999999
2022-06-29 02:29:18,0.000106,0.0605,-4.0,158.0,804.0,0.0005009999999999999
2022-06-29 02:30:19,0.000105,0.0605,-4.0,158.0,804.0,0.0005009999999999999
2022-06-29 02:31:20,0.000103,0.0605,-4.0,158.0,804.0,0.0005009999999999999
2022-06-29 02:32:21,0.000102,0.0605,-4.0,158.0,804.0,0.0005009999999999999
2022-06-29 02:33:22,0.000101,0.0605,-4.0,158.0,804.0,0.0005009999999999999
2022-06-29 02:34:23,0.0001,0.0605,-4.0,158.0,804.0,0.0005009999999999999
2022-06-29 02:35:24,9.940000000000002e-05,0.0605,-4.0,158.0,804.0,0.0005009999999999999
2022-06-29 02:36:25,9.86e-05,0.0605,-4.0,158.0,804.0,0.0005009999999999999
2022-06-29 02:37:26,9.75e-05,0.0605,-4.0,158.0,804.0,0.0005009999999999999
2022-06-29 02:38:27,9.65e-05,0.0605,-4.0,158.0,803.0,0.0005009999999999999
2022-06-29 02:39:28,9.559999999999999e-05,0.0605,-4.0,158.0,804.0,0.0005009999999999999
2022-06-29 02:40:29,9.549999999999999e-05,0.0605,-4.0,158.0,804.0,0.0005009999999999999
2022-06-29 02:41:29,9.49e-05,0.0605,-4.0,158.0,804.0,0.0005009999999999999
2022-06-29 02:42:30,9.37e-05,0.0605,-4.0,158.0,804.0,0.0005009999999999999
2022-06-29 02:43:31,9.27e-05,0.0605,-4.0,158.0,804.0,0.0005009999999999999
2022-06-29 02:44:32,9.14e-05,0.0605,-4.0,158.0,804.0,0.0005009999999999999
2022-06-29 02:45:33,9.04e-05,0.0606,-4.0,158.0,803.0,0.0005009999999999999
2022-06-29 02:46:34,8.96e-05,0.0605,-4.0,158.0,803.0,0.0005009999999999999
2022-06-29 02:47:35,8.88e-05,0.0605,-4.0,158.0,804.0,0.0005009999999999999
2022-06-29 02:48:36,8.79e-05,0.0605,-4.0,158.0,804.0,0.0005009999999999999
2022-06-29 02:49:37,8.71e-05,0.0605,-4.0,158.0,804.0,0.0005009999999999999
2022-06-29 02:50:37,8.65e-05,0.0608,-4.0,158.0,804.0,0.0005009999999999999
2022-06-29 02:51:38,8.58e-05,0.0608,-4.0,158.0,804.0,0.0005009999999999999
2022-06-29 02:52:39,8.53e-05,0.0608,-4.0,158.0,804.0,0.0005009999999999999
2022-06-29 02:53:40,8.45e-05,0.0607,-4.0,158.0,804.0,0.0005009999999999999
2022-06-29 02:54:41,8.37e-05,0.0607,-4.0,158.0,804.0,0.0005009999999999999
2022-06-29 02:55:42,8.290000000000001e-05,0.0606,-4.0,158.0,804.0,0.0005009999999999999
2022-06-29 02:56:43,8.26e-05,0.0608,-4.0,158.0,804.0,0.0005009999999999999
2022-06-29 02:57:44,8.2e-05,0.0609,-4.0,158.0,804.0,0.0005009999999999999
2022-06-29 02:58:45,8.13e-05,0.0609,-4.0,158.0,804.0,0.0005009999999999999
2022-06-29 02:59:46,8.109999999999999e-05,0.0609,-4.0,158.0,804.0,0.0005009999999999999
2022-06-29 03:00:47,8.05e-05,0.0609,-4.0,158.0,804.0,0.0005009999999999999
2022-06-29 03:01:48,7.979999999999999e-05,0.0609,-4.0,158.0,804.0,0.0005009999999999999
2022-06-29 03:02:49,7.91e-05,0.0608,-4.0,158.0,804.0,0.0005009999999999999
2022-06-29 03:03:50,7.87e-05,0.0609,-4.0,158.0,804.0,0.0005009999999999999
2022-06-29 03:04:51,7.79e-05,0.0609,-4.0,158.0,804.0,0.0005009999999999999
2022-06-29 03:05:52,7.77e-05,0.0609,-4.0,158.0,804.0,0.0005009999999999999
2022-06-29 03:06:53,7.730000000000001e-05,0.061,-4.0,158.0,804.0,0.0005009999999999999
2022-06-29 03:07:54,7.68e-05,0.0609,-4.0,158.0,804.0,0.0005009999999999999
2022-06-29 03:08:55,7.609999999999999e-05,0.0609,-4.0,158.0,804.0,0.0005009999999999999
2022-06-29 03:09:56,7.54e-05,0.0609,-4.0,158.0,804.0,0.0005009999999999999
2022-06-29 03:10:57,7.47e-05,0.0609,-4.0,158.0,804.0,0.0005009999999999999
2022-06-29 03:11:58,7.41e-05,0.0609,-4.0,158.0,803.0,0.0005009999999999999
2022-06-29 03:12:59,7.329999999999999e-05,0.0609,-4.0,158.0,804.0,0.0005009999999999999
2022-06-29 03:14:00,7.290000000000001e-05,0.061,-4.0,158.0,803.0,0.0005009999999999999
2022-06-29 03:15:01,7.219999999999999e-05,0.0609,-4.0,158.0,804.0,0.0005009999999999999
2022-06-29 03:16:02,7.15e-05,0.061,-4.0,158.0,804.0,0.0005009999999999999
2022-06-29 03:17:03,7.08e-05,0.0609,-4.0,158.0,804.0,0.0005009999999999999
2022-06-29 03:18:04,7.01e-05,0.0609,-4.0,158.0,804.0,0.0005009999999999999
2022-06-29 03:19:05,6.96e-05,0.061,-4.0,158.0,804.0,0.0005009999999999999
2022-06-29 03:20:06,6.9e-05,0.061,-4.0,158.0,804.0,0.0005009999999999999
2022-06-29 03:21:07,6.829999999999999e-05,0.0611,-4.0,158.0,804.0,0.0005009999999999999
2022-06-29 03:22:08,6.77e-05,0.0611,-4.0,158.0,804.0,0.0005009999999999999
2022-06-29 03:23:09,6.7e-05,0.0611,-4.0,158.0,804.0,0.0005009999999999999
2022-06-29 03:24:10,6.64e-05,0.0609,-4.0,158.0,804.0,0.0005009999999999999
